time,u,v,w,p,q,r,phi,theta,psi,x,y,z,fx,fy,fz,mx,my,mz
0,10,0,0,0,0,0,0,0,0,0.1,0,0,0,0,0,0,0,0
0.01,10,0,0,0,0,0,0,0,0,0.2,0,0,0,0,0,0,0,0
0.02,10,0,0,0,0,0,0,0,0,0.3,0,0,0,0,0,0,0,0
0.03,10,0,0,0,0,0,0,0,0,0.4,0,0,0,0,0,0,0,0
0.04,10,0,0,0,0,0,0,0,0,0.5,0,0,0,0,0,0,0,0
0.05,10,0,0,0,0,0,0,0,0,0.6,0,0,0,0,0,0,0,0
0.06,10,0,0,0,0,0,0,0,0,0.7,0,0,0,0,0,0,0,0
0.07,10,0,0,0,0,0,0,0,0,0.8,0,0,0,0,0,0,0,0
0.08,10,0,0,0,0,0,0,0,0,0.9,0,0,0,0,0,0,0,0
0.09,10,0,0,0,0,0,0,0,0,1,0,0,0,0,0,0,0,0
0.1,10,0,0,0,0,0,0,0,0,1.1,0,0,0,0,0,0,0,0
0.11,10,0,0,0,0,0,0,0,0,1.2,0,0,0,0,0,0,0,0
0.12,10,0,0,0,0,0,0,0,0,1.3,0,0,0,0,0,0,0,0
0.13,10,0,0,0,0,0,0,0,0,1.4,0,0,0,0,0,0,0,0
0.14,10,0,0,0,0,0,0,0,0,1.5,0,0,0,0,0,0,0,0
0.15,10,0,0,0,0,0,0,0,0,1.6,0,0,0,0,0,0,0,0
0.16,10,0,0,0,0,0,0,0,0,1.7,0,0,0,0,0,0,0,0
0.17,10,0,0,0,0,0,0,0,0,1.8,0,0,0,0,0,0,0,0
0.18,10,0,0,0,0,0,0,0,0,1.9,0,0,0,0,0,0,0,0
0.19,10,0,0,0,0,0,0,0,0,2,0,0,0,0,0,0,0,0
0.2,10,0,0,0,0,0,0,0,0,2.1,0,0,0,0,0,0,0,0
0.21,10,0,0,0,0,0,0,0,0,2.2,0,0,0,0,0,0,0,0
0.22,10,0,0,0,0,0,0,0,0,2.3,0,0,0,0,0,0,0,0
0.23,10,0,0,0,0,0,0,0,0,2.4,0,0,0,0,0,0,0,0
0.24,10,0,0,0,0,0,0,0,0,2.5,0,0,0,0,0,0,0,0
0.25,10,0,0,0,0,0,0,0,0,2.6,0,0,0,0,0,0,0,0
0.26,10,0,0,0,0,0,0,0,0,2.7,0,0,0,0,0,0,0,0
0.27,10,0,0,0,0,0,0,0,0,2.8,0,0,0,0,0,0,0,0
0.28,10,0,0,0,0,0,0,0,0,2.9,0,0,0,0,0,0,0,0
0.29,10,0,0,0,0,0,0,0,0,3,0,0,0,0,0,0,0,0
0.3,10,0,0,0,0,0,0,0,0,3.1,0,0,0,0,0,0,0,0
0.31,10,0,0,0,0,0,0,0,0,3.2,0,0,0,0,0,0,0,0
0.32,10,0,0,0,0,0,0,0,0,3.3,0,0,0,0,0,0,0,0
0.33,10,0,0,0,0,0,0,0,0,3.4,0,0,0,0,0,0,0,0
0.34,10,0,0,0,0,0,0,0,0,3.5,0,0,0,0,0,0,0,0
0.35,10,0,0,0,0,0,0,0,0,3.6,0,0,0,0,0,0,0,0
0.36,10,0,0,0,0,0,0,0,0,3.7,0,0,0,0,0,0,0,0
0.37,10,0,0,0,0,0,0,0,0,3.8,0,0,0,0,0,0,0,0
0.38,10,0,0,0,0,0,0,0,0,3.9,0,0,0,0,0,0,0,0
0.39,10,0,0,0,0,0,0,0,0,4,0,0,0,0,0,0,0,0
0.4,10,0,0,0,0,0,0,0,0,4.1,0,0,0,0,0,0,0,0
0.41,10,0,0,0,0,0,0,0,0,4.2,0,0,0,0,0,0,0,0
0.42,10,0,0,0,0,0,0,0,0,4.3,0,0,0,0,0,0,0,0
0.43,10,0,0,0,0,0,0,0,0,4.4,0,0,0,0,0,0,0,0
0.44,10,0,0,0,0,0,0,0,0,4.5,0,0,0,0,0,0,0,0
0.45,10,0,0,0,0,0,0,0,0,4.6,0,0,0,0,0,0,0,0
0.46,10,0,0,0,0,0,0,0,0,4.7,0,0,0,0,0,0,0,0
0.47,10,0,0,0,0,0,0,0,0,4.8,0,0,0,0,0,0,0,0
0.48,10,0,0,0,0,0,0,0,0,4.9,0,0,0,0,0,0,0,0
0.49,10,0,0,0,0,0,0,0,0,5,0,0,0,0,0,0,0,0
0.5,10,0,0,0,0,0,0,0,0,5.1,0,0,0,0,0,0,0,0
0.51,10,0,0,0,0,0,0,0,0,5.2,0,0,0,0,0,0,0,0
0.52,10,0,0,0,0,0,0,0,0,5.3,0,0,0,0,0,0,0,0
0.53,10,0,0,0,0,0,0,0,0,5.4,0,0,0,0,0,0,0,0
0.54,10,0,0,0,0,0,0,0,0,5.5,0,0,0,0,0,0,0,0
0.55,10,0,0,0,0,0,0,0,0,5.6,0,0,0,0,0,0,0,0
0.56,10,0,0,0,0,0,0,0,0,5.7,0,0,0,0,0,0,0,0
0.57,10,0,0,0,0,0,0,0,0,5.8,0,0,0,0,0,0,0,0
0.58,10,0,0,0,0,0,0,0,0,5.9,0,0,0,0,0,0,0,0
0.59,10,0,0,0,0,0,0,0,0,6,0,0,0,0,0,0,0,0
0.6,10,0,0,0,0,0,0,0,0,6.1,0,0,0,0,0,0,0,0
0.61,10,0,0,0,0,0,0,0,0,6.2,0,0,0,0,0,0,0,0
0.62,10,0,0,0,0,0,0,0,0,6.3,0,0,0,0,0,0,0,0
0.63,10,0,0,0,0,0,0,0,0,6.4,0,0,0,0,0,0,0,0
0.64,10,0,0,0,0,0,0,0,0,6.5,0,0,0,0,0,0,0,0
0.65,10,0,0,0,0,0,0,0,0,6.6,0,0,0,0,0,0,0,0
0.66,10,0,0,0,0,0,0,0,0,6.7,0,0,0,0,0,0,0,0
0.67,10,0,0,0,0,0,0,0,0,6.8,0,0,0,0,0,0,0,0
0.68,10,0,0,0,0,0,0,0,0,6.9,0,0,0,0,0,0,0,0
0.69,10,0,0,0,0,0,0,0,0,7,0,0,0,0,0,0,0,0
0.7,10,0,0,0,0,0,0,0,0,7.1,0,0,0,0,0,0,0,0
0.71,10,0,0,0,0,0,0,0,0,7.2,0,0,0,0,0,0,0,0
0.72,10,0,0,0,0,0,0,0,0,7.3,0,0,0,0,0,0,0,0
0.73,10,0,0,0,0,0,0,0,0,7.4,0,0,0,0,0,0,0,0
0.74,10,0,0,0,0,0,0,0,0,7.5,0,0,0,0,0,0,0,0
0.75,10,0,0,0,0,0,0,0,0,7.6,0,0,0,0,0,0,0,0
0.76,10,0,0,0,0,0,0,0,0,7.7,0,0,0,0,0,0,0,0
0.77,10,0,0,0,0,0,0,0,0,7.8,0,0,0,0,0,0,0,0
0.78,10,0,0,0,0,0,0,0,0,7.9,0,0,0,0,0,0,0,0
0.79,10,0,0,0,0,0,0,0,0,8,0,0,0,0,0,0,0,0
0.8,10,0,0,0,0,0,0,0,0,8.1,0,0,0,0,0,0,0,0
0.81,10,0,0,0,0,0,0,0,0,8.2,0,0,0,0,0,0,0,0
0.82,10,0,0,0,0,0,0,0,0,8.3,0,0,0,0,0,0,0,0
0.83,10,0,0,0,0,0,0,0,0,8.4,0,0,0,0,0,0,0,0
0.84,10,0,0,0,0,0,0,0,0,8.5,0,0,0,0,0,0,0,0
0.85,10,0,0,0,0,0,0,0,0,8.6,0,0,0,0,0,0,0,0
0.86,10,0,0,0,0,0,0,0,0,8.7,0,0,0,0,0,0,0,0
0.87,10,0,0,0,0,0,0,0,0,8.8,0,0,0,0,0,0,0,0
0.88,10,0,0,0,0,0,0,0,0,8.9,0,0,0,0,0,0,0,0
0.89,10,0,0,0,0,0,0,0,0,9,0,0,0,0,0,0,0,0
0.9,10,0,0,0,0,0,0,0,0,9.1,0,0,0,0,0,0,0,0
0.91,10,0,0,0,0,0,0,0,0,9.2,0,0,0,0,0,0,0,0
0.92,10,0,0,0,0,0,0,0,0,9.3,0,0,0,0,0,0,0,0
0.93,10,0,0,0,0,0,0,0,0,9.4,0,0,0,0,0,0,0,0
0.94,10,0,0,0,0,0,0,0,0,9.5,0,0,0,0,0,0,0,0
0.95,10,0,0,0,0,0,0,0,0,9.6,0,0,0,0,0,0,0,0
0.96,10,0,0,0,0,0,0,0,0,9.7,0,0,0,0,0,0,0,0
0.97,10,0,0,0,0,0,0,0,0,9.8,0,0,0,0,0,0,0,0
0.98,10,0,0,0,0,0,0,0,0,9.9,0,0,0,0,0,0,0,0
0.99,10,0,0,0,0,0,0,0,0,10,0,0,0,0,0,0,0,0
1,10,0,0,0,0,0,0,0,0,10.1,0,0,0,0,0,0,0,0
1.01,10,0,0,0,0,0,0,0,0,10.2,0,0,0,0,0,0,0,0
1.02,10,0,0,0,0,0,0,0,0,10.3,0,0,0,0,0,0,0,0
1.03,10,0,0,0,0,0,0,0,0,10.4,0,0,0,0,0,0,0,0
1.04,10,0,0,0,0,0,0,0,0,10.5,0,0,0,0,0,0,0,0
1.05,10,0,0,0,0,0,0,0,0,10.6,0,0,0,0,0,0,0,0
1.06,10,0,0,0,0,0,0,0,0,10.7,0,0,0,0,0,0,0,0
1.07,10,0,0,0,0,0,0,0,0,10.8,0,0,0,0,0,0,0,0
1.08,10,0,0,0,0,0,0,0,0,10.9,0,0,0,0,0,0,0,0
1.09,10,0,0,0,0,0,0,0,0,11,0,0,0,0,0,0,0,0
1.1,10,0,0,0,0,0,0,0,0,11.1,0,0,0,0,0,0,0,0
1.11,10,0,0,0,0,0,0,0,0,11.2,0,0,0,0,0,0,0,0
1.12,10,0,0,0,0,0,0,0,0,11.3,0,0,0,0,0,0,0,0
1.13,10,0,0,0,0,0,0,0,0,11.4,0,0,0,0,0,0,0,0
1.14,10,0,0,0,0,0,0,0,0,11.5,0,0,0,0,0,0,0,0
1.15,10,0,0,0,0,0,0,0,0,11.6,0,0,0,0,0,0,0,0
1.16,10,0,0,0,0,0,0,0,0,11.7,0,0,0,0,0,0,0,0
1.17,10,0,0,0,0,0,0,0,0,11.8,0,0,0,0,0,0,0,0
1.18,10,0,0,0,0,0,0,0,0,11.9,0,0,0,0,0,0,0,0
1.19,10,0,0,0,0,0,0,0,0,12,0,0,0,0,0,0,0,0
1.2,10,0,0,0,0,0,0,0,0,12.1,0,0,0,0,0,0,0,0
1.21,10,0,0,0,0,0,0,0,0,12.2,0,0,0,0,0,0,0,0
1.22,10,0,0,0,0,0,0,0,0,12.3,0,0,0,0,0,0,0,0
1.23,10,0,0,0,0,0,0,0,0,12.4,0,0,0,0,0,0,0,0
1.24,10,0,0,0,0,0,0,0,0,12.5,0,0,0,0,0,0,0,0
1.25,10,0,0,0,0,0,0,0,0,12.6,0,0,0,0,0,0,0,0
1.26,10,0,0,0,0,0,0,0,0,12.7,0,0,0,0,0,0,0,0
1.27,10,0,0,0,0,0,0,0,0,12.8,0,0,0,0,0,0,0,0
1.28,10,0,0,0,0,0,0,0,0,12.9,0,0,0,0,0,0,0,0
1.29,10,0,0,0,0,0,0,0,0,13,0,0,0,0,0,0,0,0
1.3,10,0,0,0,0,0,0,0,0,13.1,0,0,0,0,0,0,0,0
1.31,10,0,0,0,0,0,0,0,0,13.2,0,0,0,0,0,0,0,0
1.32,10,0,0,0,0,0,0,0,0,13.3,0,0,0,0,0,0,0,0
1.33,10,0,0,0,0,0,0,0,0,13.4,0,0,0,0,0,0,0,0
1.34,10,0,0,0,0,0,0,0,0,13.5,0,0,0,0,0,0,0,0
1.35,10,0,0,0,0,0,0,0,0,13.6,0,0,0,0,0,0,0,0
1.36,10,0,0,0,0,0,0,0,0,13.7,0,0,0,0,0,0,0,0
1.37,10,0,0,0,0,0,0,0,0,13.8,0,0,0,0,0,0,0,0
1.38,10,0,0,0,0,0,0,0,0,13.9,0,0,0,0,0,0,0,0
1.39,10,0,0,0,0,0,0,0,0,14,0,0,0,0,0,0,0,0
1.4,10,0,0,0,0,0,0,0,0,14.1,0,0,0,0,0,0,0,0
1.41,10,0,0,0,0,0,0,0,0,14.2,0,0,0,0,0,0,0,0
1.42,10,0,0,0,0,0,0,0,0,14.3,0,0,0,0,0,0,0,0
1.43,10,0,0,0,0,0,0,0,0,14.4,0,0,0,0,0,0,0,0
1.44,10,0,0,0,0,0,0,0,0,14.5,0,0,0,0,0,0,0,0
1.45,10,0,0,0,0,0,0,0,0,14.6,0,0,0,0,0,0,0,0
1.46,10,0,0,0,0,0,0,0,0,14.7,0,0,0,0,0,0,0,0
1.47,10,0,0,0,0,0,0,0,0,14.8,0,0,0,0,0,0,0,0
1.48,10,0,0,0,0,0,0,0,0,14.9,0,0,0,0,0,0,0,0
1.49,10,0,0,0,0,0,0,0,0,15,0,0,0,0,0,0,0,0
1.5,10,0,0,0,0,0,0,0,0,15.1,0,0,0,0,0,0,0,0
1.51,10,0,0,0,0,0,0,0,0,15.2,0,0,0,0,0,0,0,0
1.52,10,0,0,0,0,0,0,0,0,15.3,0,0,0,0,0,0,0,0
1.53,10,0,0,0,0,0,0,0,0,15.4,0,0,0,0,0,0,0,0
1.54,10,0,0,0,0,0,0,0,0,15.5,0,0,0,0,0,0,0,0
1.55,10,0,0,0,0,0,0,0,0,15.6,0,0,0,0,0,0,0,0
1.56,10,0,0,0,0,0,0,0,0,15.7,0,0,0,0,0,0,0,0
1.57,10,0,0,0,0,0,0,0,0,15.8,0,0,0,0,0,0,0,0
1.58,10,0,0,0,0,0,0,0,0,15.9,0,0,0,0,0,0,0,0
1.59,10,0,0,0,0,0,0,0,0,16,0,0,0,0,0,0,0,0
1.6,10,0,0,0,0,0,0,0,0,16.1,0,0,0,0,0,0,0,0
1.61,10,0,0,0,0,0,0,0,0,16.2,0,0,0,0,0,0,0,0
1.62,10,0,0,0,0,0,0,0,0,16.3,0,0,0,0,0,0,0,0
1.63,10,0,0,0,0,0,0,0,0,16.4,0,0,0,0,0,0,0,0
1.64,10,0,0,0,0,0,0,0,0,16.5,0,0,0,0,0,0,0,0
1.65,10,0,0,0,0,0,0,0,0,16.6,0,0,0,0,0,0,0,0
1.66,10,0,0,0,0,0,0,0,0,16.7,0,0,0,0,0,0,0,0
1.67,10,0,0,0,0,0,0,0,0,16.8,0,0,0,0,0,0,0,0
1.68,10,0,0,0,0,0,0,0,0,16.9,0,0,0,0,0,0,0,0
1.69,10,0,0,0,0,0,0,0,0,17,0,0,0,0,0,0,0,0
1.7,10,0,0,0,0,0,0,0,0,17.1,0,0,0,0,0,0,0,0
1.71,10,0,0,0,0,0,0,0,0,17.2,0,0,0,0,0,0,0,0
1.72,10,0,0,0,0,0,0,0,0,17.3,0,0,0,0,0,0,0,0
1.73,10,0,0,0,0,0,0,0,0,17.4,0,0,0,0,0,0,0,0
1.74,10,0,0,0,0,0,0,0,0,17.5,0,0,0,0,0,0,0,0
1.75,10,0,0,0,0,0,0,0,0,17.6,0,0,0,0,0,0,0,0
1.76,10,0,0,0,0,0,0,0,0,17.7,0,0,0,0,0,0,0,0
1.77,10,0,0,0,0,0,0,0,0,17.8,0,0,0,0,0,0,0,0
1.78,10,0,0,0,0,0,0,0,0,17.9,0,0,0,0,0,0,0,0
1.79,10,0,0,0,0,0,0,0,0,18,0,0,0,0,0,0,0,0
1.8,10,0,0,0,0,0,0,0,0,18.1,0,0,0,0,0,0,0,0
1.81,10,0,0,0,0,0,0,0,0,18.2,0,0,0,0,0,0,0,0
1.82,10,0,0,0,0,0,0,0,0,18.3,0,0,0,0,0,0,0,0
1.83,10,0,0,0,0,0,0,0,0,18.4,0,0,0,0,0,0,0,0
1.84,10,0,0,0,0,0,0,0,0,18.5,0,0,0,0,0,0,0,0
1.85,10,0,0,0,0,0,0,0,0,18.6,0,0,0,0,0,0,0,0
1.86,10,0,0,0,0,0,0,0,0,18.7,0,0,0,0,0,0,0,0
1.87,10,0,0,0,0,0,0,0,0,18.8,0,0,0,0,0,0,0,0
1.88,10,0,0,0,0,0,0,0,0,18.9,0,0,0,0,0,0,0,0
1.89,10,0,0,0,0,0,0,0,0,19,0,0,0,0,0,0,0,0
1.9,10,0,0,0,0,0,0,0,0,19.1,0,0,0,0,0,0,0,0
1.91,10,0,0,0,0,0,0,0,0,19.2,0,0,0,0,0,0,0,0
1.92,10,0,0,0,0,0,0,0,0,19.3,0,0,0,0,0,0,0,0
1.93,10,0,0,0,0,0,0,0,0,19.4,0,0,0,0,0,0,0,0
1.94,10,0,0,0,0,0,0,0,0,19.5,0,0,0,0,0,0,0,0
1.95,10,0,0,0,0,0,0,0,0,19.6,0,0,0,0,0,0,0,0
1.96,10,0,0,0,0,0,0,0,0,19.7,0,0,0,0,0,0,0,0
1.97,10,0,0,0,0,0,0,0,0,19.8,0,0,0,0,0,0,0,0
1.98,10,0,0,0,0,0,0,0,0,19.9,0,0,0,0,0,0,0,0
1.99,10,0,0,0,0,0,0,0,0,20,0,0,0,0,0,0,0,0
2,10,0,0,0,0,0,0,0,0,20.1,0,0,0,0,0,0,0,0
2.01,10,0.5,0,0,0,0,0,0,0,20.2,0.0025,0,0,50,0,0,0,0
2.02,10,1,0,0,0,0,0,0,0,20.3,0.01,0,0,50,0,0,0,0
2.03,10,1.5,0,0,0,0,0,0,0,20.4,0.0225,0,0,50,0,0,0,0
2.04,10,2,0,0,0,0,0,0,0,20.5,0.04,0,0,50,0,0,0,0
2.05,10,2.5,0,0,0,0,0,0,0,20.6,0.0625,0,0,50,0,0,0,0
2.06,10,3,0,0,0,0,0,0,0,20.7,0.09,0,0,50,0,0,0,0
2.07,10,3.5,0,0,0,0,0,0,0,20.8,0.1225,0,0,50,0,0,0,0
2.08,10,4,0,0,0,0,0,0,0,20.9,0.16,0,0,50,0,0,0,0
2.09,10,4.5,0,0,0,0,0,0,0,21,0.2025,0,0,50,0,0,0,0
2.1,10,5,0,0,0,0,0,0,0,21.1,0.25,0,0,50,0,0,0,0
2.11,10,5.5,0,0,0,0,0,0,0,21.2,0.3025,0,0,50,0,0,0,0
2.12,10,6,0,0,0,0,0,0,0,21.3,0.36,0,0,50,0,0,0,0
2.13,10,6.5,0,0,0,0,0,0,0,21.4,0.4225,0,0,50,0,0,0,0
2.14,10,7,0,0,0,0,0,0,0,21.5,0.49,0,0,50,0,0,0,0
2.15,10,7.5,0,0,0,0,0,0,0,21.6,0.5625,0,0,50,0,0,0,0
2.16,10,8,0,0,0,0,0,0,0,21.7,0.64,0,0,50,0,0,0,0
2.17,10,8.5,0,0,0,0,0,0,0,21.8,0.7225,0,0,50,0,0,0,0
2.18,10,9,0,0,0,0,0,0,0,21.9,0.81,0,0,50,0,0,0,0
2.19,10,9.5,0,0,0,0,0,0,0,22,0.9025,0,0,50,0,0,0,0
2.2,10,10,0,0,0,0,0,0,0,22.1,1,0,0,50,0,0,0,0
2.21,10,10.5,0,0,0,0,0,0,0,22.2,1.1025,0,0,50,0,0,0,0
2.22,10,11,0,0,0,0,0,0,0,22.3,1.21,0,0,50,0,0,0,0
2.23,10,11.5,0,0,0,0,0,0,0,22.4,1.3225,0,0,50,0,0,0,0
2.24,10,12,0,0,0,0,0,0,0,22.5,1.44,0,0,50,0,0,0,0
2.25,10,12.5,0,0,0,0,0,0,0,22.6,1.5625,0,0,50,0,0,0,0
2.26,10,13,0,0,0,0,0,0,0,22.7,1.69,0,0,50,0,0,0,0
2.27,10,13.5,0,0,0,0,0,0,0,22.8,1.8225,0,0,50,0,0,0,0
2.28,10,14,0,0,0,0,0,0,0,22.9,1.96,0,0,50,0,0,0,0
2.29,10,14.5,0,0,0,0,0,0,0,23,2.1025,0,0,50,0,0,0,0
2.3,10,15,0,0,0,0,0,0,0,23.1,2.25,0,0,50,0,0,0,0
2.31,10,15.5,0,0,0,0,0,0,0,23.2,2.4025,0,0,50,0,0,0,0
2.32,10,16,0,0,0,0,0,0,0,23.3,2.56,0,0,50,0,0,0,0
2.33,10,16.5,0,0,0,0,0,0,0,23.4,2.7225,0,0,50,0,0,0,0
2.34,10,17,0,0,0,0,0,0,0,23.5,2.89,0,0,50,0,0,0,0
2.35,10,17.5,0,0,0,0,0,0,0,23.6,3.0625,0,0,50,0,0,0,0
2.36,10,18,0,0,0,0,0,0,0,23.7,3.24,0,0,50,0,0,0,0
2.37,10,18.5,0,0,0,0,0,0,0,23.8,3.4225,0,0,50,0,0,0,0
2.38,10,19,0,0,0,0,0,0,0,23.9,3.61,0,0,50,0,0,0,0
2.39,10,19.5,0,0,0,0,0,0,0,24,3.8025,0,0,50,0,0,0,0
2.4,10,20,0,0,0,0,0,0,0,24.1,4,0,0,50,0,0,0,0
2.41,10,20.5,0,0,0,0,0,0,0,24.2,4.2025,0,0,50,0,0,0,0
2.42,10,21,0,0,0,0,0,0,0,24.3,4.41,0,0,50,0,0,0,0
2.43,10,21.5,0,0,0,0,0,0,0,24.4,4.6225,0,0,50,0,0,0,0
2.44,10,22,0,0,0,0,0,0,0,24.5,4.84,0,0,50,0,0,0,0
2.45,10,22.5,0,0,0,0,0,0,0,24.6,5.0625,0,0,50,0,0,0,0
2.46,10,23,0,0,0,0,0,0,0,24.7,5.29,0,0,50,0,0,0,0
2.47,10,23.5,0,0,0,0,0,0,0,24.8,5.5225,0,0,50,0,0,0,0
2.48,10,24,0,0,0,0,0,0,0,24.9,5.76,0,0,50,0,0,0,0
2.49,10,24.5,0,0,0,0,0,0,0,25,6.0025,0,0,50,0,0,0,0
2.5,10,25,0,0,0,0,0,0,0,25.1,6.25,0,0,50,0,0,0,0
2.51,10,25.5,0,0,0,0,0,0,0,25.2,6.5025,0,0,50,0,0,0,0
2.52,10,26,0,0,0,0,0,0,0,25.3,6.76,0,0,50,0,0,0,0
2.53,10,26.5,0,0,0,0,0,0,0,25.4,7.0225,0,0,50,0,0,0,0
2.54,10,27,0,0,0,0,0,0,0,25.5,7.29,0,0,50,0,0,0,0
2.55,10,27.5,0,0,0,0,0,0,0,25.6,7.5625,0,0,50,0,0,0,0
2.56,10,28,0,0,0,0,0,0,0,25.7,7.84,0,0,50,0,0,0,0
2.57,10,28.5,0,0,0,0,0,0,0,25.8,8.1225,0,0,50,0,0,0,0
2.58,10,29,0,0,0,0,0,0,0,25.9,8.41,0,0,50,0,0,0,0
2.59,10,29.5,0,0,0,0,0,0,0,26,8.7025,0,0,50,0,0,0,0
2.6,10,30,0,0,0,0,0,0,0,26.1,9,0,0,50,0,0,0,0
2.61,10,30.5,0,0,0,0,0,0,0,26.2,9.3025,0,0,50,0,0,0,0
2.62,10,31,0,0,0,0,0,0,0,26.3,9.61,0,0,50,0,0,0,0
2.63,10,31.5,0,0,0,0,0,0,0,26.4,9.9225,0,0,50,0,0,0,0
2.64,10,32,0,0,0,0,0,0,0,26.5,10.24,0,0,50,0,0,0,0
2.65,10,32.5,0,0,0,0,0,0,0,26.6,10.5625,0,0,50,0,0,0,0
2.66,10,33,0,0,0,0,0,0,0,26.7,10.89,0,0,50,0,0,0,0
2.67,10,33.5,0,0,0,0,0,0,0,26.8,11.2225,0,0,50,0,0,0,0
2.68,10,34,0,0,0,0,0,0,0,26.9,11.56,0,0,50,0,0,0,0
2.69,10,34.5,0,0,0,0,0,0,0,27,11.9025,0,0,50,0,0,0,0
2.7,10,35,0,0,0,0,0,0,0,27.1,12.25,0,0,50,0,0,0,0
2.71,10,35.5,0,0,0,0,0,0,0,27.2,12.6025,0,0,50,0,0,0,0
2.72,10,36,0,0,0,0,0,0,0,27.3,12.96,0,0,50,0,0,0,0
2.73,10,36.5,0,0,0,0,0,0,0,27.4,13.3225,0,0,50,0,0,0,0
2.74,10,37,0,0,0,0,0,0,0,27.5,13.69,0,0,50,0,0,0,0
2.75,10,37.5,0,0,0,0,0,0,0,27.6,14.0625,0,0,50,0,0,0,0
2.76,10,38,0,0,0,0,0,0,0,27.7,14.44,0,0,50,0,0,0,0
2.77,10,38.5,0,0,0,0,0,0,0,27.8,14.8225,0,0,50,0,0,0,0
2.78,10,39,0,0,0,0,0,0,0,27.9,15.21,0,0,50,0,0,0,0
2.79,10,39.5,0,0,0,0,0,0,0,28,15.6025,0,0,50,0,0,0,0
2.8,10,40,0,0,0,0,0,0,0,28.1,16,0,0,50,0,0,0,0
2.81,10,40.5,0,0,0,0,0,0,0,28.2,16.4025,0,0,50,0,0,0,0
2.82,10,41,0,0,0,0,0,0,0,28.3,16.81,0,0,50,0,0,0,0
2.83,10,41.5,0,0,0,0,0,0,0,28.4,17.2225,0,0,50,0,0,0,0
2.84,10,42,0,0,0,0,0,0,0,28.5,17.64,0,0,50,0,0,0,0
2.85,10,42.5,0,0,0,0,0,0,0,28.6,18.0625,0,0,50,0,0,0,0
2.86,10,43,0,0,0,0,0,0,0,28.7,18.49,0,0,50,0,0,0,0
2.87,10,43.5,0,0,0,0,0,0,0,28.8,18.9225,0,0,50,0,0,0,0
2.88,10,44,0,0,0,0,0,0,0,28.9,19.36,0,0,50,0,0,0,0
2.89,10,44.5,0,0,0,0,0,0,0,29,19.8025,0,0,50,0,0,0,0
2.9,10,45,0,0,0,0,0,0,0,29.1,20.25,0,0,50,0,0,0,0
2.91,10,45.5,0,0,0,0,0,0,0,29.2,20.7025,0,0,50,0,0,0,0
2.92,10,46,0,0,0,0,0,0,0,29.3,21.16,0,0,50,0,0,0,0
2.93,10,46.5,0,0,0,0,0,0,0,29.4,21.6225,0,0,50,0,0,0,0
2.94,10,47,0,0,0,0,0,0,0,29.5,22.09,0,0,50,0,0,0,0
2.95,10,47.5,0,0,0,0,0,0,0,29.6,22.5625,0,0,50,0,0,0,0
2.96,10,48,0,0,0,0,0,0,0,29.7,23.04,0,0,50,0,0,0,0
2.97,10,48.5,0,0,0,0,0,0,0,29.8,23.5225,0,0,50,0,0,0,0
2.98,10,49,0,0,0,0,0,0,0,29.9,24.01,0,0,50,0,0,0,0
2.99,10,49.5,0,0,0,0,0,0,0,30,24.5025,0,0,50,0,0,0,0
3,10,50,0,0,0,0,0,0,0,30.1,25,0,0,50,0,0,0,0
3.01,10,50.5,0,0,0,0,0,0,0,30.2,25.5025,0,0,50,0,0,0,0
3.02,10,51,0,0,0,0,0,0,0,30.3,26.01,0,0,50,0,0,0,0
3.03,10,51.5,0,0,0,0,0,0,0,30.4,26.5225,0,0,50,0,0,0,0
3.04,10,52,0,0,0,0,0,0,0,30.5,27.04,0,0,50,0,0,0,0
3.05,10,52.5,0,0,0,0,0,0,0,30.6,27.5625,0,0,50,0,0,0,0
3.06,10,53,0,0,0,0,0,0,0,30.7,28.09,0,0,50,0,0,0,0
3.07,10,53.5,0,0,0,0,0,0,0,30.8,28.6225,0,0,50,0,0,0,0
3.08,10,54,0,0,0,0,0,0,0,30.9,29.16,0,0,50,0,0,0,0
3.09,10,54.5,0,0,0,0,0,0,0,31,29.7025,0,0,50,0,0,0,0
3.1,10,55,0,0,0,0,0,0,0,31.1,30.25,0,0,50,0,0,0,0
3.11,10,55.5,0,0,0,0,0,0,0,31.2,30.8025,0,0,50,0,0,0,0
3.12,10,56,0,0,0,0,0,0,0,31.3,31.36,0,0,50,0,0,0,0
3.13,10,56.5,0,0,0,0,0,0,0,31.4,31.9225,0,0,50,0,0,0,0
3.14,10,57,0,0,0,0,0,0,0,31.5,32.49,0,0,50,0,0,0,0
3.15,10,57.5,0,0,0,0,0,0,0,31.6,33.0625,0,0,50,0,0,0,0
3.16,10,58,0,0,0,0,0,0,0,31.7,33.64,0,0,50,0,0,0,0
3.17,10,58.5,0,0,0,0,0,0,0,31.8,34.2225,0,0,50,0,0,0,0
3.18,10,59,0,0,0,0,0,0,0,31.9,34.81,0,0,50,0,0,0,0
3.19,10,59.5,0,0,0,0,0,0,0,32,35.4025,0,0,50,0,0,0,0
3.2,10,60,0,0,0,0,0,0,0,32.1,36,0,0,50,0,0,0,0
3.21,10,60.5,0,0,0,0,0,0,0,32.2,36.6025,0,0,50,0,0,0,0
3.22,10,61,0,0,0,0,0,0,0,32.3,37.21,0,0,50,0,0,0,0
3.23,10,61.5,0,0,0,0,0,0,0,32.4,37.8225,0,0,50,0,0,0,0
3.24,10,62,0,0,0,0,0,0,0,32.5,38.44,0,0,50,0,0,0,0
3.25,10,62.5,0,0,0,0,0,0,0,32.6,39.0625,0,0,50,0,0,0,0
3.26,10,63,0,0,0,0,0,0,0,32.7,39.69,0,0,50,0,0,0,0
3.27,10,63.5,0,0,0,0,0,0,0,32.8,40.3225,0,0,50,0,0,0,0
3.28,10,64,0,0,0,0,0,0,0,32.9,40.96,0,0,50,0,0,0,0
3.29,10,64.5,0,0,0,0,0,0,0,33,41.6025,0,0,50,0,0,0,0
3.3,10,65,0,0,0,0,0,0,0,33.1,42.25,0,0,50,0,0,0,0
3.31,10,65.5,0,0,0,0,0,0,0,33.2,42.9025,0,0,50,0,0,0,0
3.32,10,66,0,0,0,0,0,0,0,33.3,43.56,0,0,50,0,0,0,0
3.33,10,66.5,0,0,0,0,0,0,0,33.4,44.2225,0,0,50,0,0,0,0
3.34,10,67,0,0,0,0,0,0,0,33.5,44.89,0,0,50,0,0,0,0
3.35,10,67.5,0,0,0,0,0,0,0,33.6,45.5625,0,0,50,0,0,0,0
3.36,10,68,0,0,0,0,0,0,0,33.7,46.24,0,0,50,0,0,0,0
3.37,10,68.5,0,0,0,0,0,0,0,33.8,46.9225,0,0,50,0,0,0,0
3.38,10,69,0,0,0,0,0,0,0,33.9,47.61,0,0,50,0,0,0,0
3.39,10,69.5,0,0,0,0,0,0,0,34,48.3025,0,0,50,0,0,0,0
3.4,10,70,0,0,0,0,0,0,0,34.1,49,0,0,50,0,0,0,0
3.41,10,70.5,0,0,0,0,0,0,0,34.2,49.7025,0,0,50,0,0,0,0
3.42,10,71,0,0,0,0,0,0,0,34.3,50.41,0,0,50,0,0,0,0
3.43,10,71.5,0,0,0,0,0,0,0,34.4,51.1225,0,0,50,0,0,0,0
3.44,10,72,0,0,0,0,0,0,0,34.5,51.84,0,0,50,0,0,0,0
3.45,10,72.5,0,0,0,0,0,0,0,34.6,52.5625,0,0,50,0,0,0,0
3.46,10,73,0,0,0,0,0,0,0,34.7,53.29,0,0,50,0,0,0,0
3.47,10,73.5,0,0,0,0,0,0,0,34.8,54.0225,0,0,50,0,0,0,0
3.48,10,74,0,0,0,0,0,0,0,34.9,54.76,0,0,50,0,0,0,0
3.49,10,74.5,0,0,0,0,0,0,0,35,55.5025,0,0,50,0,0,0,0
3.5,10,75,0,0,0,0,0,0,0,35.1,56.25,0,0,50,0,0,0,0
3.51,10,75.5,0,0,0,0,0,0,0,35.2,57.0025,0,0,50,0,0,0,0
3.52,10,76,0,0,0,0,0,0,0,35.3,57.76,0,0,50,0,0,0,0
3.53,10,76.5,0,0,0,0,0,0,0,35.4,58.5225,0,0,50,0,0,0,0
3.54,10,77,0,0,0,0,0,0,0,35.5,59.29,0,0,50,0,0,0,0
3.55,10,77.5,0,0,0,0,0,0,0,35.6,60.0625,0,0,50,0,0,0,0
3.56,10,78,0,0,0,0,0,0,0,35.7,60.84,0,0,50,0,0,0,0
3.57,10,78.5,0,0,0,0,0,0,0,35.8,61.6225,0,0,50,0,0,0,0
3.58,10,79,0,0,0,0,0,0,0,35.9,62.41,0,0,50,0,0,0,0
3.59,10,79.5,0,0,0,0,0,0,0,36,63.2025,0,0,50,0,0,0,0
3.6,10,80,0,0,0,0,0,0,0,36.1,64,0,0,50,0,0,0,0
3.61,10,80.5,0,0,0,0,0,0,0,36.2,64.8025,0,0,50,0,0,0,0
3.62,10,81,0,0,0,0,0,0,0,36.3,65.61,0,0,50,0,0,0,0
3.63,10,81.5,0,0,0,0,0,0,0,36.4,66.4225,0,0,50,0,0,0,0
3.64,10,82,0,0,0,0,0,0,0,36.5,67.24,0,0,50,0,0,0,0
3.65,10,82.5,0,0,0,0,0,0,0,36.6,68.0625,0,0,50,0,0,0,0
3.66,10,83,0,0,0,0,0,0,0,36.7,68.89,0,0,50,0,0,0,0
3.67,10,83.5,0,0,0,0,0,0,0,36.8,69.7225,0,0,50,0,0,0,0
3.68,10,84,0,0,0,0,0,0,0,36.9,70.56,0,0,50,0,0,0,0
3.69,10,84.5,0,0,0,0,0,0,0,37,71.4025,0,0,50,0,0,0,0
3.7,10,85,0,0,0,0,0,0,0,37.1,72.25,0,0,50,0,0,0,0
3.71,10,85.5,0,0,0,0,0,0,0,37.2,73.1025,0,0,50,0,0,0,0
3.72,10,86,0,0,0,0,0,0,0,37.3,73.96,0,0,50,0,0,0,0
3.73,10,86.5,0,0,0,0,0,0,0,37.4,74.8225,0,0,50,0,0,0,0
3.74,10,87,0,0,0,0,0,0,0,37.5,75.69,0,0,50,0,0,0,0
3.75,10,87.5,0,0,0,0,0,0,0,37.6,76.5625,0,0,50,0,0,0,0
3.76,10,88,0,0,0,0,0,0,0,37.7,77.44,0,0,50,0,0,0,0
3.77,10,88.5,0,0,0,0,0,0,0,37.8,78.3225,0,0,50,0,0,0,0
3.78,10,89,0,0,0,0,0,0,0,37.9,79.21,0,0,50,0,0,0,0
3.79,10,89.5,0,0,0,0,0,0,0,38,80.1025,0,0,50,0,0,0,0
3.8,10,90,0,0,0,0,0,0,0,38.1,81,0,0,50,0,0,0,0
3.81,10,90.5,0,0,0,0,0,0,0,38.2,81.9025,0,0,50,0,0,0,0
3.82,10,91,0,0,0,0,0,0,0,38.3,82.81,0,0,50,0,0,0,0
3.83,10,91.5,0,0,0,0,0,0,0,38.4,83.7225,0,0,50,0,0,0,0
3.84,10,92,0,0,0,0,0,0,0,38.5,84.64,0,0,50,0,0,0,0
3.85,10,92.5,0,0,0,0,0,0,0,38.6,85.5625,0,0,50,0,0,0,0
3.86,10,93,0,0,0,0,0,0,0,38.7,86.49,0,0,50,0,0,0,0
3.87,10,93.5,0,0,0,0,0,0,0,38.8,87.4225,0,0,50,0,0,0,0
3.88,10,94,0,0,0,0,0,0,0,38.9,88.36,0,0,50,0,0,0,0
3.89,10,94.5,0,0,0,0,0,0,0,39,89.3025,0,0,50,0,0,0,0
3.9,10,95,0,0,0,0,0,0,0,39.1,90.25,0,0,50,0,0,0,0
3.91,10,95.5,0,0,0,0,0,0,0,39.2,91.2025,0,0,50,0,0,0,0
3.92,10,96,0,0,0,0,0,0,0,39.3,92.16,0,0,50,0,0,0,0
3.93,10,96.5,0,0,0,0,0,0,0,39.4,93.1225,0,0,50,0,0,0,0
3.94,10,97,0,0,0,0,0,0,0,39.5,94.09,0,0,50,0,0,0,0
3.95,10,97.5,0,0,0,0,0,0,0,39.6,95.0625,0,0,50,0,0,0,0
3.96,10,98,0,0,0,0,0,0,0,39.7,96.04,0,0,50,0,0,0,0
3.97,10,98.5,0,0,0,0,0,0,0,39.8,97.0225,0,0,50,0,0,0,0
3.98,10,99,0,0,0,0,0,0,0,39.9,98.01,0,0,50,0,0,0,0
3.99,10,99.5,0,0,0,0,0,0,0,40,99.0025,0,0,50,0,0,0,0
4,10,100,0,0,0,0,0,0,0,40.1,100,0,0,50,0,0,0,0
4.01,10,100,0,0,0,0,0,0,0,40.2,101,0,0,0,0,0,0,0
4.02,10,100,0,0,0,0,0,0,0,40.3,102,0,0,0,0,0,0,0
4.03,10,100,0,0,0,0,0,0,0,40.4,103,0,0,0,0,0,0,0
4.04,10,100,0,0,0,0,0,0,0,40.5,104,0,0,0,0,0,0,0
4.05,10,100,0,0,0,0,0,0,0,40.6,105,0,0,0,0,0,0,0
4.06,10,100,0,0,0,0,0,0,0,40.7,106,0,0,0,0,0,0,0
4.07,10,100,0,0,0,0,0,0,0,40.8,107,0,0,0,0,0,0,0
4.08,10,100,0,0,0,0,0,0,0,40.9,108,0,0,0,0,0,0,0
4.09,10,100,0,0,0,0,0,0,0,41,109,0,0,0,0,0,0,0
4.1,10,100,0,0,0,0,0,0,0,41.1,110,0,0,0,0,0,0,0
4.11,10,100,0,0,0,0,0,0,0,41.2,111,0,0,0,0,0,0,0
4.12,10,100,0,0,0,0,0,0,0,41.3,112,0,0,0,0,0,0,0
4.13,10,100,0,0,0,0,0,0,0,41.4,113,0,0,0,0,0,0,0
4.14,10,100,0,0,0,0,0,0,0,41.5,114,0,0,0,0,0,0,0
4.15,10,100,0,0,0,0,0,0,0,41.6,115,0,0,0,0,0,0,0
4.16,10,100,0,0,0,0,0,0,0,41.7,116,0,0,0,0,0,0,0
4.17,10,100,0,0,0,0,0,0,0,41.8,117,0,0,0,0,0,0,0
4.18,10,100,0,0,0,0,0,0,0,41.9,118,0,0,0,0,0,0,0
4.19,10,100,0,0,0,0,0,0,0,42,119,0,0,0,0,0,0,0
4.2,10,100,0,0,0,0,0,0,0,42.1,120,0,0,0,0,0,0,0
4.21,10,100,0,0,0,0,0,0,0,42.2,121,0,0,0,0,0,0,0
4.22,10,100,0,0,0,0,0,0,0,42.3,122,0,0,0,0,0,0,0
4.23,10,100,0,0,0,0,0,0,0,42.4,123,0,0,0,0,0,0,0
4.24,10,100,0,0,0,0,0,0,0,42.5,124,0,0,0,0,0,0,0
4.25,10,100,0,0,0,0,0,0,0,42.6,125,0,0,0,0,0,0,0
4.26,10,100,0,0,0,0,0,0,0,42.7,126,0,0,0,0,0,0,0
4.27,10,100,0,0,0,0,0,0,0,42.8,127,0,0,0,0,0,0,0
4.28,10,100,0,0,0,0,0,0,0,42.9,128,0,0,0,0,0,0,0
4.29,10,100,0,0,0,0,0,0,0,43,129,0,0,0,0,0,0,0
4.3,10,100,0,0,0,0,0,0,0,43.1,130,0,0,0,0,0,0,0
4.31,10,100,0,0,0,0,0,0,0,43.2,131,0,0,0,0,0,0,0
4.32,10,100,0,0,0,0,0,0,0,43.3,132,0,0,0,0,0,0,0
4.33,10,100,0,0,0,0,0,0,0,43.4,133,0,0,0,0,0,0,0
4.34,10,100,0,0,0,0,0,0,0,43.5,134,0,0,0,0,0,0,0
4.35,10,100,0,0,0,0,0,0,0,43.6,135,0,0,0,0,0,0,0
4.36,10,100,0,0,0,0,0,0,0,43.7,136,0,0,0,0,0,0,0
4.37,10,100,0,0,0,0,0,0,0,43.8,137,0,0,0,0,0,0,0
4.38,10,100,0,0,0,0,0,0,0,43.9,138,0,0,0,0,0,0,0
4.39,10,100,0,0,0,0,0,0,0,44,139,0,0,0,0,0,0,0
4.4,10,100,0,0,0,0,0,0,0,44.1,140,0,0,0,0,0,0,0
4.41,10,100,0,0,0,0,0,0,0,44.2,141,0,0,0,0,0,0,0
4.42,10,100,0,0,0,0,0,0,0,44.3,142,0,0,0,0,0,0,0
4.43,10,100,0,0,0,0,0,0,0,44.4,143,0,0,0,0,0,0,0
4.44,10,100,0,0,0,0,0,0,0,44.5,144,0,0,0,0,0,0,0
4.45,10,100,0,0,0,0,0,0,0,44.6,145,0,0,0,0,0,0,0
4.46,10,100,0,0,0,0,0,0,0,44.7,146,0,0,0,0,0,0,0
4.47,10,100,0,0,0,0,0,0,0,44.8,147,0,0,0,0,0,0,0
4.48,10,100,0,0,0,0,0,0,0,44.9,148,0,0,0,0,0,0,0
4.49,10,100,0,0,0,0,0,0,0,45,149,0,0,0,0,0,0,0
4.5,10,100,0,0,0,0,0,0,0,45.1,150,0,0,0,0,0,0,0
4.51,10,100,0,0,0,0,0,0,0,45.2,151,0,0,0,0,0,0,0
4.52,10,100,0,0,0,0,0,0,0,45.3,152,0,0,0,0,0,0,0
4.53,10,100,0,0,0,0,0,0,0,45.4,153,0,0,0,0,0,0,0
4.54,10,100,0,0,0,0,0,0,0,45.5,154,0,0,0,0,0,0,0
4.55,10,100,0,0,0,0,0,0,0,45.6,155,0,0,0,0,0,0,0
4.56,10,100,0,0,0,0,0,0,0,45.7,156,0,0,0,0,0,0,0
4.57,10,100,0,0,0,0,0,0,0,45.8,157,0,0,0,0,0,0,0
4.58,10,100,0,0,0,0,0,0,0,45.9,158,0,0,0,0,0,0,0
4.59,10,100,0,0,0,0,0,0,0,46,159,0,0,0,0,0,0,0
4.6,10,100,0,0,0,0,0,0,0,46.1,160,0,0,0,0,0,0,0
4.61,10,100,0,0,0,0,0,0,0,46.2,161,0,0,0,0,0,0,0
4.62,10,100,0,0,0,0,0,0,0,46.3,162,0,0,0,0,0,0,0
4.63,10,100,0,0,0,0,0,0,0,46.4,163,0,0,0,0,0,0,0
4.64,10,100,0,0,0,0,0,0,0,46.5,164,0,0,0,0,0,0,0
4.65,10,100,0,0,0,0,0,0,0,46.6,165,0,0,0,0,0,0,0
4.66,10,100,0,0,0,0,0,0,0,46.7,166,0,0,0,0,0,0,0
4.67,10,100,0,0,0,0,0,0,0,46.8,167,0,0,0,0,0,0,0
4.68,10,100,0,0,0,0,0,0,0,46.9,168,0,0,0,0,0,0,0
4.69,10,100,0,0,0,0,0,0,0,47,169,0,0,0,0,0,0,0
4.7,10,100,0,0,0,0,0,0,0,47.1,170,0,0,0,0,0,0,0
4.71,10,100,0,0,0,0,0,0,0,47.2,171,0,0,0,0,0,0,0
4.72,10,100,0,0,0,0,0,0,0,47.3,172,0,0,0,0,0,0,0
4.73,10,100,0,0,0,0,0,0,0,47.4,173,0,0,0,0,0,0,0
4.74,10,100,0,0,0,0,0,0,0,47.5,174,0,0,0,0,0,0,0
4.75,10,100,0,0,0,0,0,0,0,47.6,175,0,0,0,0,0,0,0
4.76,10,100,0,0,0,0,0,0,0,47.7,176,0,0,0,0,0,0,0
4.77,10,100,0,0,0,0,0,0,0,47.8,177,0,0,0,0,0,0,0
4.78,10,100,0,0,0,0,0,0,0,47.9,178,0,0,0,0,0,0,0
4.79,10,100,0,0,0,0,0,0,0,48,179,0,0,0,0,0,0,0
4.8,10,100,0,0,0,0,0,0,0,48.1,180,0,0,0,0,0,0,0
4.81,10,100,0,0,0,0,0,0,0,48.2,181,0,0,0,0,0,0,0
4.82,10,100,0,0,0,0,0,0,0,48.3,182,0,0,0,0,0,0,0
4.83,10,100,0,0,0,0,0,0,0,48.4,183,0,0,0,0,0,0,0
4.84,10,100,0,0,0,0,0,0,0,48.5,184,0,0,0,0,0,0,0
4.85,10,100,0,0,0,0,0,0,0,48.6,185,0,0,0,0,0,0,0
4.86,10,100,0,0,0,0,0,0,0,48.7,186,0,0,0,0,0,0,0
4.87,10,100,0,0,0,0,0,0,0,48.8,187,0,0,0,0,0,0,0
4.88,10,100,0,0,0,0,0,0,0,48.9,188,0,0,0,0,0,0,0
4.89,10,100,0,0,0,0,0,0,0,49,189,0,0,0,0,0,0,0
4.9,10,100,0,0,0,0,0,0,0,49.1,190,0,0,0,0,0,0,0
4.91,10,100,0,0,0,0,0,0,0,49.2,191,0,0,0,0,0,0,0
4.92,10,100,0,0,0,0,0,0,0,49.3,192,0,0,0,0,0,0,0
4.93,10,100,0,0,0,0,0,0,0,49.4,193,0,0,0,0,0,0,0
4.94,10,100,0,0,0,0,0,0,0,49.5,194,0,0,0,0,0,0,0
4.95,10,100,0,0,0,0,0,0,0,49.6,195,0,0,0,0,0,0,0
4.96,10,100,0,0,0,0,0,0,0,49.7,196,0,0,0,0,0,0,0
4.97,10,100,0,0,0,0,0,0,0,49.8,197,0,0,0,0,0,0,0
4.98,10,100,0,0,0,0,0,0,0,49.9,198,0,0,0,0,0,0,0
4.99,10,100,0,0,0,0,0,0,0,50,199,0,0,0,0,0,0,0
5,10,100,0,0,0,0,0,0,0,50.1,200,0,0,0,0,0,0,0
5.01,10.25,99.9747,0,0,0,0.5,0,0,0.0025,50.2,201,0,0,0,0,0,0,10
5.02,10.9995,99.895,0,0,0,1,0,0,0.01,50.3,202,0,0,0,0,0,0,10
5.03,12.2473,99.7497,0,0,0,1.5,0,0,0.0225,50.4,203,0,0,0,0,0,0,10
5.04,13.9909,99.5201,0,0,0,2,0,0,0.04,50.5,204,0,0,0,0,0,0,10
5.05,16.2264,99.1802,0,0,0,2.5,0,0,0.0625,50.6,205,0,0,0,0,0,0,10
5.06,18.9474,98.6965,0,0,0,3,0,0,0.09,50.7,206,0,0,0,0,0,0,10
5.07,22.1444,98.0287,0,0,0,3.5,0,0,0.1225,50.8,207,0,0,0,0,0,0,10
5.08,25.8041,97.1295,0,0,0,4,0,0,0.16,50.9,208,0,0,0,0,0,0,10
5.09,29.9076,95.9455,0,0,0,4.5,0,0,0.2025,51,209,0,0,0,0,0,0,10
5.1,34.4295,94.4172,0,0,0,5,0,0,0.25,51.1,210,0,0,0,0,0,0,10
5.11,39.3367,92.4804,0,0,0,5.5,0,0,0.3025,51.2,211,0,0,0,0,0,0,10
5.12,44.5864,90.0669,0,0,0,6,0,0,0.36,51.3,212,0,0,0,0,0,0,10
5.13,50.1249,87.1063,0,0,0,6.5,0,0,0.4225,51.4,213,0,0,0,0,0,0,10
5.14,55.8859,83.527,0,0,0,7,0,0,0.49,51.5,214,0,0,0,0,0,0,10
5.15,61.7895,79.2594,0,0,0,7.5,0,0,0.5625,51.6,215,0,0,0,0,0,0,10
5.16,67.7405,74.2376,0,0,0,8,0,0,0.64,51.7,216,0,0,0,0,0,0,10
5.17,73.6278,68.4029,0,0,0,8.5,0,0,0.7225,51.8,217,0,0,0,0,0,0,10
5.18,79.3237,61.707,0,0,0,9,0,0,0.81,51.9,218,0,0,0,0,0,0,10
5.19,84.6843,54.1162,0,0,0,9.5,0,0,0.9025,52,219,0,0,0,0,0,0,10
5.2,89.5501,45.6155,0,0,0,10,0,0,1,52.1,220,0,0,0,0,0,0,10
5.21,93.7475,36.2133,0,0,0,10.5,0,0,1.1025,52.2,221,0,0,0,0,0,0,10
5.22,97.0918,25.9458,0,0,0,11,0,0,1.21,52.3,222,0,0,0,0,0,0,10
5.23,99.3908,14.882,0,0,0,11.5,0,0,1.3225,52.4,223,0,0,0,0,0,0,10
5.24,100.45,3.12787,0,0,0,12,0,0,1.44,52.5,224,0,0,0,0,0,0,10
5.25,100.08,-9.16993,0,0,0,12.5,0,0,1.5625,52.6,225,0,0,0,0,0,0,10
5.26,98.1012,-21.8211,0,0,0,13,0,0,1.69,52.7,226,0,0,0,0,0,0,10
5.27,94.3584,-34.5902,0,0,0,13.5,0,0,1.8225,52.8,227,0,0,0,0,0,0,10
5.28,88.7267,-47.1971,0,0,0,14,0,0,1.96,52.9,228,0,0,0,0,0,0,10
5.29,81.1246,-59.3195,0,0,0,14.5,0,0,2.1025,53,229,0,0,0,0,0,0,10
5.3,71.5258,-70.5978,0,0,0,15,0,0,2.25,53.1,230,0,0,0,0,0,0,10
5.31,59.9712,-80.6439,0,0,0,15.5,0,0,2.4025,53.2,231,0,0,0,0,0,0,10
5.32,46.58,-89.0522,0,0,0,16,0,0,2.56,53.3,232,0,0,0,0,0,0,10
5.33,31.5591,-95.4149,0,0,0,16.5,0,0,2.7225,53.4,233,0,0,0,0,0,0,10
5.34,15.2102,-99.341,0,0,0,17,0,0,2.89,53.5,234,0,0,0,0,0,0,10
5.35,-2.06692,-100.477,0,0,0,17.5,0,0,3.0625,53.6,235,0,0,0,0,0,0,10
5.36,-19.7755,-98.5338,0,0,0,18,0,0,3.24,53.7,236,0,0,0,0,0,0,10
5.37,-37.3297,-93.3084,0,0,0,18.5,0,0,3.4225,53.8,237,0,0,0,0,0,0,10
5.38,-54.0683,-84.7147,0,0,0,19,0,0,3.61,53.9,238,0,0,0,0,0,0,10
5.39,-69.2764,-72.8061,0,0,0,19.5,0,0,3.8025,54,239,0,0,0,0,0,0,10
5.4,-82.2155,-57.7976,0,0,0,20,0,0,4,54.1,240,0,0,0,0,0,0,10
5.41,-92.1596,-40.0818,0,0,0,20.5,0,0,4.2025,54.2,241,0,0,0,0,0,0,10
5.42,-98.44,-20.2361,0,0,0,21,0,0,4.41,54.2999,242,0,0,0,0,0,0,10
5.43,-100.494,0.980106,0,0,0,21.5,0,0,4.6225,54.3999,243,0,0,0,0,0,0,10
5.44,-97.9144,22.642,0,0,0,22,0,0,4.84,54.4999,244,0,0,0,0,0,0,10
5.45,-90.5045,43.6901,0,0,0,22.5,0,0,5.0625,54.5999,245,0,0,0,0,0,0,10
5.46,-78.3187,62.9765,0,0,0,23,0,0,5.29,54.6999,246,0,0,0,0,0,0,10
5.47,-61.7013,79.3271,0,0,0,23.5,0,0,5.5225,54.7998,247,0,0,0,0,0,0,10
5.48,-41.3063,91.6166,0,0,0,24,0,0,5.76,54.8998,248,0,0,0,0,0,0,10
5.49,-18.0984,98.8546,0,0,0,24.5,0,0,6.0025,54.9997,248.999,0,0,0,0,0,0,10
5.5,6.66981,100.276,0,0,0,25,0,0,6.25,55.0997,249.999,0,0,0,0,0,0,10
5.51,31.5089,95.4301,0,0,0,25.5,0,0,6.5025,55.1996,250.999,0,0,0,0,0,0,10
5.52,54.7718,84.2599,0,0,0,26,0,0,6.76,55.2996,251.999,0,0,0,0,0,0,10
5.53,74.7598,67.161,0,0,0,26.5,0,0,7.0225,55.3995,252.999,0,0,0,0,0,0,10
5.54,89.8523,45.0127,0,0,0,27,0,0,7.29,55.4994,253.999,0,0,0,0,0,0,10
5.55,98.651,19.1701,0,0,0,27.5,0,0,7.5625,55.5993,254.999,0,0,0,0,0,0,10
5.56,100.128,-8.58756,0,0,0,28,0,0,7.84,55.6992,255.999,0,0,0,0,0,0,10
5.57,93.7659,-36.1572,0,0,0,28.5,0,0,8.1225,55.7991,256.999,0,0,0,0,0,0,10
5.58,79.6654,-61.2595,0,0,0,29,0,0,8.41,55.899,257.999,0,0,0,0,0,0,10
5.59,58.6189,-81.6275,0,0,0,29.5,0,0,8.7025,55.9988,258.999,0,0,0,0,0,0,10
5.6,32.118,-95.2237,0,0,0,30,0,0,9,56.0987,259.998,0,0,0,0,0,0,10
5.61,2.29379,-100.468,0,0,0,30.5,0,0,9.3025,56.1985,260.998,0,0,0,0,0,0,10
5.62,-28.2207,-96.4494,0,0,0,31,0,0,9.61,56.2983,261.998,0,0,0,0,0,0,10
5.63,-56.5039,-83.1028,0,0,0,31.5,0,0,9.9225,56.3981,262.998,0,0,0,0,0,0,10
5.64,-79.6217,-61.3108,0,0,0,32,0,0,10.24,56.4979,263.998,0,0,0,0,0,0,10
5.65,-94.947,-32.9172,0,0,0,32.5,0,0,10.5625,56.5976,264.997,0,0,0,0,0,0,10
5.66,-100.488,-0.628434,0,0,0,33,0,0,10.89,56.6973,265.997,0,0,0,0,0,0,10
5.67,-95.1898,32.2027,0,0,0,33.5,0,0,11.2225,56.797,266.997,0,0,0,0,0,0,10
5.68,-79.1578,61.9027,0,0,0,34,0,0,11.56,56.8966,267.997,0,0,0,0,0,0,10
5.69,-53.7732,84.8889,0,0,0,34.5,0,0,11.9025,56.9963,268.997,0,0,0,0,0,0,10
5.7,-21.6539,98.1252,0,0,0,35,0,0,12.25,57.0958,269.996,0,0,0,0,0,0,10
5.71,13.5503,99.5669,0,0,0,35.5,0,0,12.6025,57.1954,270.996,0,0,0,0,0,0,10
5.72,47.5305,88.531,0,0,0,36,0,0,12.96,57.2949,271.996,0,0,0,0,0,0,10
5.73,75.8314,65.9254,0,0,0,36.5,0,0,13.3225,57.3943,272.995,0,0,0,0,0,0,10
5.74,94.4506,34.283,0,0,0,37,0,0,13.69,57.4938,273.995,0,0,0,0,0,0,10
5.75,100.449,-2.43721,0,0,0,37.5,0,0,14.0625,57.5931,274.994,0,0,0,0,0,0,10
5.76,92.4781,-39.2843,0,0,0,38,0,0,14.44,57.6924,275.994,0,0,0,0,0,0,10
5.77,71.1357,-70.9559,0,0,0,38.5,0,0,14.8225,57.7917,276.994,0,0,0,0,0,0,10
5.78,39.0544,-92.5706,0,0,0,39,0,0,15.21,57.8909,277.993,0,0,0,0,0,0,10
5.79,0.683733,-100.467,0,0,0,39.5,0,0,15.6025,57.99,278.992,0,0,0,0,0,0,10
5.8,-38.2535,-92.8988,0,0,0,40,0,0,16,58.089,279.992,0,0,0,0,0,0,10
5.81,-71.5788,-70.494,0,0,0,40.5,0,0,16.4025,58.188,280.991,0,0,0,0,0,0,10
5.82,-93.6493,-36.3609,0,0,0,41,0,0,16.81,58.2869,281.991,0,0,0,0,0,0,10
5.83,-100.368,4.22353,0,0,0,41.5,0,0,17.2225,58.3857,282.99,0,0,0,0,0,0,10
5.84,-90.0358,44.5472,0,0,0,42,0,0,17.64,58.4844,283.989,0,0,0,0,0,0,10
5.85,-63.8581,77.5388,0,0,0,42.5,0,0,18.0625,58.5831,284.988,0,0,0,0,0,0,10
5.86,-25.9736,97.0291,0,0,0,43,0,0,18.49,58.6816,285.988,0,0,0,0,0,0,10
5.87,17.0746,98.979,0,0,0,43.5,0,0,18.9225,58.78,286.987,0,0,0,0,0,0,10
5.88,57.3885,82.4257,0,0,0,44,0,0,19.36,58.8783,287.986,0,0,0,0,0,0,10
5.89,87.1447,49.922,0,0,0,44.5,0,0,19.8025,58.9765,288.985,0,0,0,0,0,0,10
5.9,100.159,7.3111,0,0,0,45,0,0,20.25,59.0745,289.984,0,0,0,0,0,0,10
5.91,93.2754,-37.2,0,0,0,45.5,0,0,20.7025,59.1725,290.983,0,0,0,0,0,0,10
5.92,67.2588,-74.5596,0,0,0,46,0,0,21.16,59.2702,291.981,0,0,0,0,0,0,10
5.93,26.939,-96.7255,0,0,0,46.5,0,0,21.6225,59.3679,292.98,0,0,0,0,0,0,10
5.94,-19.5233,-98.4833,0,0,0,47,0,0,22.09,59.4653,293.979,0,0,0,0,0,0,10
5.95,-62.1863,-78.8128,0,0,0,47.5,0,0,22.5625,59.5626,294.977,0,0,0,0,0,0,10
5.96,-91.4346,-41.4331,0,0,0,48,0,0,23.04,59.6597,295.976,0,0,0,0,0,0,10
5.97,-100.214,5.70172,0,0,0,48.5,0,0,23.5225,59.7567,296.974,0,0,0,0,0,0,10
5.98,-85.8717,51.9567,0,0,0,49,0,0,24.01,59.8534,297.972,0,0,0,0,0,0,10
5.99,-51.1137,86.365,0,0,0,49.5,0,0,24.5025,59.95,298.97,0,0,0,0,0,0,10
6,-3.72451,100.278,0,0,0,50,0,0,25,60.0463,299.968,0,0,0,0,0,0,10
6.01,44.781,89.7887,0,0,0,50,0,0,25.5,60.1423,300.966,0,0,0,0,0,0,0
6.02,82.3237,57.3413,0,0,0,50,0,0,26,60.2382,301.964,0,0,0,0,0,0,0
6.03,99.7237,10.8762,0,0,0,50,0,0,26.5,60.3337,302.962,0,0,0,0,0,0,0
6.04,92.7294,-38.2393,0,0,0,50,0,0,27,60.4291,303.96,0,0,0,0,0,0,0
6.05,63.0568,-77.9918,0,0,0,50,0,0,27.5,60.5241,304.957,0,0,0,0,0,0,0
6.06,17.9678,-98.6606,0,0,0,50,0,0,28,60.619,305.955,0,0,0,0,0,0,0
6.07,-31.5063,-95.1946,0,0,0,50,0,0,28.5,60.7135,306.952,0,0,0,0,0,0,0
6.08,-73.2641,-68.4464,0,0,0,50,0,0,29,60.8079,307.95,0,0,0,0,0,0,0
6.09,-97.0941,-24.9631,0,0,0,50,0,0,29.5,60.902,308.947,0,0,0,0,0,0,0
6.1,-97.1717,24.6165,0,0,0,50,0,0,30,60.9958,309.944,0,0,0,0,0,0,0
6.11,-73.4829,68.165,0,0,0,50,0,0,30.5,61.0894,310.941,0,0,0,0,0,0,0
6.12,-31.8265,95.0324,0,0,0,50,0,0,31,61.1827,311.938,0,0,0,0,0,0,0
6.13,17.6053,98.651,0,0,0,50,0,0,31.5,61.2758,312.935,0,0,0,0,0,0,0
6.14,62.7208,78.1407,0,0,0,50,0,0,32,61.3687,313.932,0,0,0,0,0,0,0
6.15,92.4864,38.5229,0,0,0,50,0,0,32.5,61.4613,314.929,0,0,0,0,0,0,0
6.16,99.6254,-10.5086,0,0,0,50,0,0,33,61.5537,315.926,0,0,0,0,0,0,0
6.17,82.3963,-56.9595,0,0,0,50,0,0,33.5,61.6458,316.922,0,0,0,0,0,0,0
6.18,45.0182,-89.4695,0,0,0,50,0,0,34,61.7376,317.919,0,0,0,0,0,0,0
6.19,-3.36263,-100.09,0,0,0,50,0,0,34.5,61.8293,318.915,0,0,0,0,0,0,0
6.2,-50.9108,-86.2281,0,0,0,50,0,0,35,61.9206,319.912,0,0,0,0,0,0,0
6.21,-85.9972,-51.2794,0,0,0,50,0,0,35.5,62.0118,320.908,0,0,0,0,0,0,0
6.22,-100.043,-3.79601,0,0,0,50,0,0,36,62.1026,321.904,0,0,0,0,0,0,0
6.23,-89.617,44.6058,0,0,0,50,0,0,36.5,62.1933,322.9,0,0,0,0,0,0,0
6.24,-57.2746,82.0877,0,0,0,50,0,0,37,62.2837,323.896,0,0,0,0,0,0,0
6.25,-10.9307,99.4846,0,0,0,50,0,0,37.5,62.3738,324.892,0,0,0,0,0,0,0
6.26,38.0769,92.5457,0,0,0,50,0,0,38,62.4637,325.888,0,0,0,0,0,0,0
6.27,77.7612,62.9734,0,0,0,50,0,0,38.5,62.5534,326.884,0,0,0,0,0,0,0
6.28,98.4183,18.0051,0,0,0,50,0,0,39,62.6428,327.88,0,0,0,0,0,0,0
6.29,94.9998,-31.3574,0,0,0,50,0,0,39.5,62.7319,328.875,0,0,0,0,0,0,0
6.3,68.3468,-73.0401,0,0,0,50,0,0,40,62.8208,329.871,0,0,0,0,0,0,0
6.31,24.983,-96.8498,0,0,0,50,0,0,40.5,62.9095,330.866,0,0,0,0,0,0,0
6.32,-24.482,-96.9668,0,0,0,50,0,0,41,62.9979,331.862,0,0,0,0,0,0,0
6.33,-67.9488,-73.3675,0,0,0,50,0,0,41.5,63.0861,332.857,0,0,0,0,0,0,0
6.34,-94.7874,-31.8289,0,0,0,50,0,0,42,63.174,333.852,0,0,0,0,0,0,0
6.35,-98.4372,17.4858,0,0,0,50,0,0,42.5,63.2617,334.847,0,0,0,0,0,0,0
6.36,-78.0102,62.5135,0,0,0,50,0,0,43,63.3492,335.842,0,0,0,0,0,0,0
6.37,-38.5077,92.242,0,0,0,50,0,0,43.5,63.4364,336.837,0,0,0,0,0,0,0
6.38,10.4047,99.4036,0,0,0,50,0,0,44,63.5233,337.832,0,0,0,0,0,0,0
6.39,56.7621,82.2514,0,0,0,50,0,0,44.5,63.61,338.827,0,0,0,0,0,0,0
6.4,89.2268,44.9857,0,0,0,50,0,0,45,63.6965,339.822,0,0,0,0,0,0,0
6.41,99.8614,-3.2749,0,0,0,50,0,0,45.5,63.7827,340.816,0,0,0,0,0,0,0
6.42,86.0696,-50.7243,0,0,0,50,0,0,46,63.8687,341.811,0,0,0,0,0,0,0
6.43,51.2296,-85.7576,0,0,0,50,0,0,46.5,63.9544,342.805,0,0,0,0,0,0,0
6.44,3.86716,-99.8087,0,0,0,50,0,0,47,64.0399,343.8,0,0,0,0,0,0,0
6.45,-44.4312,-89.4456,0,0,0,50,0,0,47.5,64.1251,344.794,0,0,0,0,0,0,0
6.46,-81.8523,-57.2079,0,0,0,50,0,0,48,64.2101,345.788,0,0,0,0,0,0,0
6.47,-99.246,-10.9849,0,0,0,50,0,0,48.5,64.2948,346.782,0,0,0,0,0,0,0
6.48,-92.3623,37.9149,0,0,0,50,0,0,49,64.3793,347.776,0,0,0,0,0,0,0
6.49,-62.89,77.5313,0,0,0,50,0,0,49.5,64.4636,348.77,0,0,0,0,0,0,0
6.5,-18.0421,98.1766,0,0,0,50,0,0,50,64.5476,349.764,0,0,0,0,0,0,0
6.51,31.2091,94.8053,0,0,0,50,0,0,50.5,64.6313,350.758,0,0,0,0,0,0,0
6.52,72.8168,68.2472,0,0,0,50,0,0,51,64.7148,351.752,0,0,0,0,0,0,0
6.53,96.6061,25.0027,0,0,0,50,0,0,51.5,64.7981,352.745,0,0,0,0,0,0,0
6.54,96.7624,-24.348,0,0,0,50,0,0,52,64.8811,353.739,0,0,0,0,0,0,0
6.55,73.2523,-67.7332,0,0,0,50,0,0,52.5,64.9639,354.732,0,0,0,0,0,0,0
6.56,31.831,-94.543,0,0,0,50,0,0,53,65.0465,355.725,0,0,0,0,0,0,0
6.57,-17.3668,-98.2237,0,0,0,50,0,0,53.5,65.1288,356.719,0,0,0,0,0,0,0
6.58,-62.3067,-77.8799,0,0,0,50,0,0,54,65.2108,357.712,0,0,0,0,0,0,0
6.59,-91.9981,-38.4925,0,0,0,50,0,0,54.5,65.2926,358.705,0,0,0,0,0,0,0
6.6,-99.1822,10.3013,0,0,0,50,0,0,55,65.3742,359.698,0,0,0,0,0,0,0
6.61,-82.1067,56.5652,0,0,0,50,0,0,55.5,65.4555,360.691,0,0,0,0,0,0,0
6.62,-44.953,88.9847,0,0,0,50,0,0,56,65.5365,361.684,0,0,0,0,0,0,0
6.63,3.18756,99.6333,0,0,0,50,0,0,56.5,65.6174,362.677,0,0,0,0,0,0,0
6.64,50.5384,85.9112,0,0,0,50,0,0,57,65.698,363.669,0,0,0,0,0,0,0
6.65,85.5185,51.1798,0,0,0,50,0,0,57.5,65.7783,364.662,0,0,0,0,0,0,0
6.66,99.575,3.93795,0,0,0,50,0,0,58,65.8584,365.654,0,0,0,0,0,0,0
6.67,89.2744,-44.2571,0,0,0,50,0,0,58.5,65.9382,366.647,0,0,0,0,0,0,0
6.68,57.1411,-81.6175,0,0,0,50,0,0,59,66.0178,367.639,0,0,0,0,0,0,0
6.69,11.0389,-99.0079,0,0,0,50,0,0,59.5,66.0972,368.631,0,0,0,0,0,0,0
6.7,-37.7536,-92.1792,0,0,0,50,0,0,60,66.1763,369.623,0,0,0,0,0,0,0
6.71,-77.3019,-62.8066,0,0,0,50,0,0,60.5,66.2552,370.616,0,0,0,0,0,0,0
6.72,-97.9353,-18.0789,0,0,0,50,0,0,61,66.3338,371.608,0,0,0,0,0,0,0
6.73,-94.6112,31.0613,0,0,0,50,0,0,61.5,66.4122,372.599,0,0,0,0,0,0,0
6.74,-68.1477,72.594,0,0,0,50,0,0,62,66.4903,373.591,0,0,0,0,0,0,0
6.75,-25.0221,96.3629,0,0,0,50,0,0,62.5,66.5682,374.583,0,0,0,0,0,0,0
6.76,24.2144,96.5582,0,0,0,50,0,0,63,66.6459,375.575,0,0,0,0,0,0,0
6.77,67.5182,73.1372,0,0,0,50,0,0,63.5,66.7233,376.566,0,0,0,0,0,0,0
6.78,94.2991,31.833,0,0,0,50,0,0,64,66.8005,377.558,0,0,0,0,0,0,0
6.79,98.0106,-17.2482,0,0,0,50,0,0,64.5,66.8774,378.549,0,0,0,0,0,0,0
6.8,77.7498,-62.1005,0,0,0,50,0,0,65,66.9541,379.54,0,0,0,0,0,0,0
6.81,38.477,-91.7548,0,0,0,50,0,0,65.5,67.0305,380.532,0,0,0,0,0,0,0
6.82,-10.1982,-98.9613,0,0,0,50,0,0,66,67.1067,381.523,0,0,0,0,0,0,0
6.83,-56.369,-81.9622,0,0,0,50,0,0,66.5,67.1826,382.514,0,0,0,0,0,0,0
6.84,-88.7432,-44.9202,0,0,0,50,0,0,67,67.2583,383.505,0,0,0,0,0,0,0
6.85,-99.4057,3.1006,0,0,0,50,0,0,67.5,67.3338,384.496,0,0,0,0,0,0,0
6.86,-85.7531,50.353,0,0,0,50,0,0,68,67.409,385.486,0,0,0,0,0,0,0
6.87,-51.1298,85.28,0,0,0,50,0,0,68.5,67.484,386.477,0,0,0,0,0,0,0
6.88,-4.0084,99.3418,0,0,0,50,0,0,69,67.5587,387.468,0,0,0,0,0,0,0
6.89,44.0835,89.1035,0,0,0,50,0,0,69.5,67.6332,388.458,0,0,0,0,0,0,0
6.9,81.3833,57.0742,0,0,0,50,0,0,70,67.7075,389.449,0,0,0,0,0,0,0
6.91,98.7704,11.0924,0,0,0,50,0,0,70.5,67.7815,390.439,0,0,0,0,0,0,0
6.92,91.9964,-37.5927,0,0,0,50,0,0,71,67.8552,391.429,0,0,0,0,0,0,0
6.93,62.7233,-77.0731,0,0,0,50,0,0,71.5,67.9287,392.419,0,0,0,0,0,0,0
6.94,18.1153,-97.6946,0,0,0,50,0,0,72,68.002,393.41,0,0,0,0,0,0,0
6.95,-30.9139,-94.4175,0,0,0,50,0,0,72.5,68.0751,394.4,0,0,0,0,0,0,0
6.96,-72.3719,-68.0482,0,0,0,50,0,0,73,68.1478,395.39,0,0,0,0,0,0,0
6.97,-96.1203,-25.0412,0,0,0,50,0,0,73.5,68.2204,396.379,0,0,0,0,0,0,0
6.98,-96.3545,24.0814,0,0,0,50,0,0,74,68.2927,397.369,0,0,0,0,0,0,0
6.99,-73.0221,67.3038,0,0,0,50,0,0,74.5,68.3647,398.359,0,0,0,0,0,0,0
7,-31.8348,94.0558,0,0,0,50,0,0,75,68.4366,399.348,0,0,0,0,0,0,0
7.01,17.1301,97.798,0,0,0,50,0,0,75.5,68.5081,400.338,0,0,0,0,0,0,0
7.02,61.8949,77.6197,0,0,0,50,0,0,76,68.5795,401.327,0,0,0,0,0,0,0
7.03,91.5121,38.4614,0,0,0,50,0,0,76.5,68.6506,402.317,0,0,0,0,0,0,0
7.04,98.7408,-10.0956,0,0,0,50,0,0,77,68.7214,403.306,0,0,0,0,0,0,0
7.05,81.8178,-56.1733,0,0,0,50,0,0,77.5,68.792,404.295,0,0,0,0,0,0,0
7.06,44.8873,-88.5023,0,0,0,50,0,0,78,68.8624,405.284,0,0,0,0,0,0,0
7.07,-3.01403,-99.1785,0,0,0,50,0,0,78.5,68.9325,406.273,0,0,0,0,0,0,0
7.08,-50.1681,-85.5952,0,0,0,50,0,0,79,69.0024,407.262,0,0,0,0,0,0,0
7.09,-85.0421,-51.0798,0,0,0,50,0,0,79.5,69.072,408.251,0,0,0,0,0,0,0
7.1,-99.1091,-4.0785,0,0,0,50,0,0,80,69.1414,409.239,0,0,0,0,0,0,0
7.11,-88.9328,43.9105,0,0,0,50,0,0,80.5,69.2105,410.228,0,0,0,0,0,0,0
7.12,-57.0074,81.1496,0,0,0,50,0,0,81,69.2795,411.216,0,0,0,0,0,0,0
7.13,-11.1457,98.5333,0,0,0,50,0,0,81.5,69.3481,412.205,0,0,0,0,0,0,0
7.14,37.4324,91.8139,0,0,0,50,0,0,82,69.4165,413.193,0,0,0,0,0,0,0
7.15,76.8449,62.6399,0,0,0,50,0,0,82.5,69.4847,414.181,0,0,0,0,0,0,0
7.16,97.4544,18.1515,0,0,0,50,0,0,83,69.5527,415.17,0,0,0,0,0,0,0
7.17,94.224,-30.7671,0,0,0,50,0,0,83.5,69.6204,416.158,0,0,0,0,0,0,0
7.18,67.9488,-72.1503,0,0,0,50,0,0,84,69.6878,417.146,0,0,0,0,0,0,0
7.19,25.0602,-95.8782,0,0,0,50,0,0,84.5,69.755,418.134,0,0,0,0,0,0,0
7.2,-23.9487,-96.1511,0,0,0,50,0,0,85,69.822,419.121,0,0,0,0,0,0,0
7.21,-67.0899,-72.9072,0,0,0,50,0,0,85.5,69.8887,420.109,0,0,0,0,0,0,0
7.22,-93.8131,-31.8364,0,0,0,50,0,0,86,69.9552,421.097,0,0,0,0,0,0,0
7.23,-97.5857,17.0124,0,0,0,50,0,0,86.5,70.0215,422.084,0,0,0,0,0,0,0
7.24,-77.4899,61.6899,0,0,0,50,0,0,87,70.0875,423.072,0,0,0,0,0,0,0
7.25,-38.4457,91.2699,0,0,0,50,0,0,87.5,70.1533,424.059,0,0,0,0,0,0,0
7.26,9.99342,98.5207,0,0,0,50,0,0,88,70.2188,425.047,0,0,0,0,0,0,0
7.27,55.9781,81.6737,0,0,0,50,0,0,88.5,70.2841,426.034,0,0,0,0,0,0,0
7.28,88.2619,44.8543,0,0,0,50,0,0,89,70.3491,427.021,0,0,0,0,0,0,0
7.29,98.9517,-2.92784,0,0,0,50,0,0,89.5,70.4139,428.008,0,0,0,0,0,0,0
7.3,85.4375,-49.9839,0,0,0,50,0,0,90,70.4785,428.995,0,0,0,0,0,0,0
7.31,51.0297,-84.8049,0,0,0,50,0,0,90.5,70.5428,429.982,0,0,0,0,0,0,0
7.32,4.14825,-98.8768,0,0,0,50,0,0,91,70.6068,430.968,0,0,0,0,0,0,0
7.33,-43.738,-88.7624,0,0,0,50,0,0,91.5,70.6707,431.955,0,0,0,0,0,0,0
7.34,-80.9166,-56.9405,0,0,0,50,0,0,92,70.7343,432.942,0,0,0,0,0,0,0
7.35,-98.2968,-11.1987,0,0,0,50,0,0,92.5,70.7976,433.928,0,0,0,0,0,0,0
7.36,-91.6317,37.2725,0,0,0,50,0,0,93,70.8607,434.915,0,0,0,0,0,0,0
7.37,-62.5566,76.6174,0,0,0,50,0,0,93.5,70.9236,435.901,0,0,0,0,0,0,0
7.38,-18.1874,97.2147,0,0,0,50,0,0,94,70.9862,436.887,0,0,0,0,0,0,0
7.39,30.6207,94.0309,0,0,0,50,0,0,94.5,71.0486,437.873,0,0,0,0,0,0,0
7.4,71.9293,67.8495,0,0,0,50,0,0,95,71.1108,438.859,0,0,0,0,0,0,0
7.41,95.6367,25.0789,0,0,0,50,0,0,95.5,71.1727,439.845,0,0,0,0,0,0,0
7.42,95.9481,-23.8166,0,0,0,50,0,0,96,71.2344,440.831,0,0,0,0,0,0,0
7.43,72.7923,-66.8767,0,0,0,50,0,0,96.5,71.2958,441.817,0,0,0,0,0,0,0
7.44,31.8378,-93.5709,0,0,0,50,0,0,97,71.357,442.803,0,0,0,0,0,0,0
7.45,-16.8951,-97.3738,0,0,0,50,0,0,97.5,71.4179,443.788,0,0,0,0,0,0,0
7.46,-61.4855,-77.3601,0,0,0,50,0,0,98,71.4786,444.774,0,0,0,0,0,0,0
7.47,-91.0283,-38.4297,0,0,0,50,0,0,98.5,71.5391,445.759,0,0,0,0,0,0,0
7.48,-98.3011,9.89162,0,0,0,50,0,0,99,71.5993,446.745,0,0,0,0,0,0,0
7.49,-81.5297,55.7835,0,0,0,50,0,0,99.5,71.6593,447.73,0,0,0,0,0,0,0
7.5,-44.8212,88.0222,0,0,0,50,0,0,100,71.719,448.715,0,0,0,0,0,0,0
7.51,2.84202,98.7254,0,0,0,50,0,0,100.5,71.7785,449.7,0,0,0,0,0,0,0
7.52,49.8001,85.2801,0,0,0,50,0,0,101,71.8378,450.685,0,0,0,0,0,0,0
7.53,84.5681,50.9796,0,0,0,50,0,0,101.5,71.8968,451.67,0,0,0,0,0,0,0
7.54,98.6451,4.21765,0,0,0,50,0,0,102,71.9556,452.655,0,0,0,0,0,0,0
7.55,88.5923,-43.566,0,0,0,50,0,0,102.5,72.0141,453.64,0,0,0,0,0,0,0
7.56,56.8736,-80.6842,0,0,0,50,0,0,103,72.0724,454.624,0,0,0,0,0,0,0
7.57,11.2513,-98.0607,0,0,0,50,0,0,103.5,72.1305,455.609,0,0,0,0,0,0,0
7.58,-37.1132,-91.4497,0,0,0,50,0,0,104,72.1883,456.593,0,0,0,0,0,0,0
7.59,-76.3904,-62.4733,0,0,0,50,0,0,104.5,72.2459,457.578,0,0,0,0,0,0,0
7.6,-96.9756,-18.2231,0,0,0,50,0,0,105,72.3032,458.562,0,0,0,0,0,0,0
7.61,-93.8381,30.4748,0,0,0,50,0,0,105.5,72.3603,459.546,0,0,0,0,0,0,0
7.62,-67.7502,71.7089,0,0,0,50,0,0,106,72.4172,460.53,0,0,0,0,0,0,0
7.63,-25.0973,95.3957,0,0,0,50,0,0,106.5,72.4738,461.514,0,0,0,0,0,0,0
7.64,23.6849,95.7454,0,0,0,50,0,0,107,72.5302,462.498,0,0,0,0,0,0,0
7.65,66.664,72.6776,0,0,0,50,0,0,107.5,72.5864,463.482,0,0,0,0,0,0,0
7.66,93.3293,31.839,0,0,0,50,0,0,108,72.6423,464.466,0,0,0,0,0,0,0
7.67,97.1623,-16.7783,0,0,0,50,0,0,108.5,72.6979,465.449,0,0,0,0,0,0,0
7.68,77.2305,-61.2816,0,0,0,50,0,0,109,72.7533,466.433,0,0,0,0,0,0,0
7.69,38.4137,-90.7873,0,0,0,50,0,0,109.5,72.8085,467.416,0,0,0,0,0,0,0
7.7,-9.79024,-98.0819,0,0,0,50,0,0,110,72.8635,468.4,0,0,0,0,0,0,0
7.71,-55.5895,-81.3859,0,0,0,50,0,0,110.5,72.9182,469.383,0,0,0,0,0,0,0
7.72,-87.783,-44.788,0,0,0,50,0,0,111,72.9727,470.366,0,0,0,0,0,0,0
7.73,-98.4996,2.75659,0,0,0,50,0,0,111.5,73.0269,471.349,0,0,0,0,0,0,0
7.74,-85.1228,49.6169,0,0,0,50,0,0,112,73.0809,472.332,0,0,0,0,0,0,0
7.75,-50.9294,84.332,0,0,0,50,0,0,112.5,73.1346,473.315,0,0,0,0,0,0,0
7.76,-4.28671,98.4138,0,0,0,50,0,0,113,73.1881,474.298,0,0,0,0,0,0,0
7.77,43.3946,88.4224,0,0,0,50,0,0,113.5,73.2414,475.281,0,0,0,0,0,0,0
7.78,80.4523,56.8066,0,0,0,50,0,0,114,73.2944,476.263,0,0,0,0,0,0,0
7.79,97.8251,11.3037,0,0,0,50,0,0,114.5,73.3472,477.246,0,0,0,0,0,0,0
7.8,91.2681,-36.9544,0,0,0,50,0,0,115,73.3998,478.228,0,0,0,0,0,0,0
7.81,62.3899,-76.164,0,0,0,50,0,0,115.5,73.4521,479.211,0,0,0,0,0,0,0
7.82,18.2584,-96.737,0,0,0,50,0,0,116,73.5042,480.193,0,0,0,0,0,0,0
7.83,-30.3295,-93.6456,0,0,0,50,0,0,116.5,73.556,481.175,0,0,0,0,0,0,0
7.84,-71.4891,-67.6509,0,0,0,50,0,0,117,73.6076,482.157,0,0,0,0,0,0,0
7.85,-95.1552,-25.1155,0,0,0,50,0,0,117.5,73.659,483.139,0,0,0,0,0,0,0
7.86,-95.5431,23.5537,0,0,0,50,0,0,118,73.7101,484.121,0,0,0,0,0,0,0
7.87,-72.5629,66.4519,0,0,0,50,0,0,118.5,73.761,485.103,0,0,0,0,0,0,0
7.88,-31.84,93.0882,0,0,0,50,0,0,119,73.8116,486.085,0,0,0,0,0,0,0
7.89,16.6619,96.9513,0,0,0,50,0,0,119.5,73.862,487.066,0,0,0,0,0,0,0
7.9,61.0784,77.101,0,0,0,50,0,0,120,73.9122,488.048,0,0,0,0,0,0,0
7.91,90.5468,38.3974,0,0,0,50,0,0,120.5,73.9621,489.029,0,0,0,0,0,0,0
7.92,97.8631,-9.68927,0,0,0,50,0,0,121,74.0118,490.011,0,0,0,0,0,0,0
7.93,81.2423,-55.3961,0,0,0,50,0,0,121.5,74.0613,490.992,0,0,0,0,0,0,0
7.94,44.7546,-87.5444,0,0,0,50,0,0,122,74.1105,491.973,0,0,0,0,0,0,0
7.95,-2.67153,-98.2742,0,0,0,50,0,0,122.5,74.1594,492.954,0,0,0,0,0,0,0
7.96,-49.4343,-84.9658,0,0,0,50,0,0,123,74.2082,493.935,0,0,0,0,0,0,0
7.97,-84.0965,-50.8791,0,0,0,50,0,0,123.5,74.2567,494.916,0,0,0,0,0,0,0
7.98,-98.183,-4.35543,0,0,0,50,0,0,124,74.3049,495.897,0,0,0,0,0,0,0
7.99,-88.2528,43.2237,0,0,0,50,0,0,124.5,74.353,496.878,0,0,0,0,0,0,0
8,-56.7397,80.2211,0,0,0,50,0,0,125,74.4008,497.858,0,0,0,0,0,0,0
8.01,-11.3557,97.5901,0,0,0,50,0,0,125.5,74.4483,498.839,0,0,0,0,0,0,0
8.02,36.7961,91.0867,0,0,0,50,0,0,126,74.4956,499.819,0,0,0,0,0,0,0
8.03,75.9382,62.3066,0,0,0,50,0,0,126.5,74.5427,500.8,0,0,0,0,0,0,0
8.04,96.4989,18.2935,0,0,0,50,0,0,127,74.5895,501.78,0,0,0,0,0,0,0
8.05,93.4535,-30.1846,0,0,0,50,0,0,127.5,74.6361,502.76,0,0,0,0,0,0,0
8.06,67.5517,-71.2699,0,0,0,50,0,0,128,74.6825,503.74,0,0,0,0,0,0,0
8.07,25.1335,-94.9153,0,0,0,50,0,0,128.5,74.7286,504.72,0,0,0,0,0,0,0
8.08,-23.423,-95.3412,0,0,0,50,0,0,129,74.7745,505.7,0,0,0,0,0,0,0
8.09,-66.2404,-72.4483,0,0,0,50,0,0,129.5,74.8201,506.68,0,0,0,0,0,0,0
8.1,-92.8477,-31.8408,0,0,0,50,0,0,130,74.8655,507.66,0,0,0,0,0,0,0
8.11,-96.7406,16.5459,0,0,0,50,0,0,130.5,74.9107,508.639,0,0,0,0,0,0,0
8.12,-76.9717,60.8756,0,0,0,50,0,0,131,74.9556,509.619,0,0,0,0,0,0,0
8.13,-38.3811,90.307,0,0,0,50,0,0,131.5,75.0003,510.598,0,0,0,0,0,0,0
8.14,9.5887,97.6447,0,0,0,50,0,0,132,75.0448,511.578,0,0,0,0,0,0,0
8.15,55.2032,81.0988,0,0,0,50,0,0,132.5,75.089,512.557,0,0,0,0,0,0,0
8.16,87.3064,44.7211,0,0,0,50,0,0,133,75.133,513.536,0,0,0,0,0,0,0
8.17,98.0493,-2.58686,0,0,0,50,0,0,133.5,75.1767,514.515,0,0,0,0,0,0,0
8.18,84.809,-49.2522,0,0,0,50,0,0,134,75.2202,515.494,0,0,0,0,0,0,0
8.19,50.8287,-83.8616,0,0,0,50,0,0,134.5,75.2635,516.473,0,0,0,0,0,0,0
8.2,4.4238,-97.9527,0,0,0,50,0,0,135,75.3065,517.452,0,0,0,0,0,0,0
8.21,-43.0533,-88.0834,0,0,0,50,0,0,135.5,75.3493,518.43,0,0,0,0,0,0,0
8.22,-79.9904,-56.6726,0,0,0,50,0,0,136,75.3919,519.409,0,0,0,0,0,0,0
8.23,-97.3555,-11.4074,0,0,0,50,0,0,136.5,75.4342,520.388,0,0,0,0,0,0,0
8.24,-90.9057,36.6383,0,0,0,50,0,0,137,75.4763,521.366,0,0,0,0,0,0,0
8.25,-62.2233,75.7129,0,0,0,50,0,0,137.5,75.5182,522.344,0,0,0,0,0,0,0
8.26,-18.3284,96.2613,0,0,0,50,0,0,138,75.5598,523.323,0,0,0,0,0,0,0
8.27,30.0402,93.2617,0,0,0,50,0,0,138.5,75.6011,524.301,0,0,0,0,0,0,0
8.28,71.0513,67.4526,0,0,0,50,0,0,139,75.6423,525.279,0,0,0,0,0,0,0
8.29,94.6759,25.1513,0,0,0,50,0,0,139.5,75.6832,526.257,0,0,0,0,0,0,0
8.3,95.1396,-23.2927,0,0,0,50,0,0,140,75.7239,527.235,0,0,0,0,0,0,0
8.31,72.3339,-66.0295,0,0,0,50,0,0,140.5,75.7643,528.212,0,0,0,0,0,0,0
8.32,31.8414,-92.6077,0,0,0,50,0,0,141,75.8045,529.19,0,0,0,0,0,0,0
8.33,-16.4304,-96.5303,0,0,0,50,0,0,141.5,75.8444,530.168,0,0,0,0,0,0,0
8.34,-60.6735,-76.8424,0,0,0,50,0,0,142,75.8842,531.145,0,0,0,0,0,0,0
8.35,-90.0677,-38.3645,0,0,0,50,0,0,142.5,75.9236,532.122,0,0,0,0,0,0,0
8.36,-97.4268,9.48855,0,0,0,50,0,0,143,75.9629,533.1,0,0,0,0,0,0,0
8.37,-80.9555,55.0108,0,0,0,50,0,0,143.5,76.0019,534.077,0,0,0,0,0,0,0
8.38,-44.6876,87.0689,0,0,0,50,0,0,144,76.0407,535.054,0,0,0,0,0,0,0
8.39,2.50255,97.8248,0,0,0,50,0,0,144.5,76.0792,536.031,0,0,0,0,0,0,0
8.4,49.0707,84.6524,0,0,0,50,0,0,145,76.1175,537.008,0,0,0,0,0,0,0
8.41,83.6272,50.7782,0,0,0,50,0,0,145.5,76.1556,537.985,0,0,0,0,0,0,0
8.42,97.7228,4.49183,0,0,0,50,0,0,146,76.1934,538.962,0,0,0,0,0,0,0
8.43,87.9143,-42.8835,0,0,0,50,0,0,146.5,76.231,539.938,0,0,0,0,0,0,0
8.44,56.6056,-79.7603,0,0,0,50,0,0,147,76.2684,540.915,0,0,0,0,0,0,0
8.45,11.4588,-97.1215,0,0,0,50,0,0,147.5,76.3055,541.891,0,0,0,0,0,0,0
8.46,-36.4811,-90.7249,0,0,0,50,0,0,148,76.3424,542.868,0,0,0,0,0,0,0
8.47,-75.4883,-62.1401,0,0,0,50,0,0,148.5,76.379,543.844,0,0,0,0,0,0,0
8.48,-96.0243,-18.3629,0,0,0,50,0,0,149,76.4154,544.82,0,0,0,0,0,0,0
8.49,-93.0702,29.8963,0,0,0,50,0,0,149.5,76.4516,545.796,0,0,0,0,0,0,0
8.5,-67.3535,70.8332,0,0,0,50,0,0,150,76.4876,546.772,0,0,0,0,0,0,0
8.51,-25.1688,94.4371,0,0,0,50,0,0,150.5,76.5233,547.748,0,0,0,0,0,0,0
8.52,23.1629,94.9384,0,0,0,50,0,0,151,76.5588,548.724,0,0,0,0,0,0,0
8.53,65.8192,72.2195,0,0,0,50,0,0,151.5,76.594,549.7,0,0,0,0,0,0,0
8.54,92.3683,31.8418,0,0,0,50,0,0,152,76.629,550.675,0,0,0,0,0,0,0
8.55,96.3204,-16.3154,0,0,0,50,0,0,152.5,76.6638,551.651,0,0,0,0,0,0,0
8.56,76.7134,-60.4719,0,0,0,50,0,0,153,76.6983,552.626,0,0,0,0,0,0,0
8.57,38.3478,-89.8289,0,0,0,50,0,0,153.5,76.7326,553.602,0,0,0,0,0,0,0
8.58,-9.38879,-97.2092,0,0,0,50,0,0,154,76.7666,554.577,0,0,0,0,0,0,0
8.59,-54.8191,-80.8124,0,0,0,50,0,0,154.5,76.8005,555.552,0,0,0,0,0,0,0
8.6,-86.8321,-44.6539,0,0,0,50,0,0,155,76.8341,556.527,0,0,0,0,0,0,0
8.61,-97.6008,2.41862,0,0,0,50,0,0,155.5,76.8674,557.502,0,0,0,0,0,0,0
8.62,-84.496,48.8897,0,0,0,50,0,0,156,76.9005,558.477,0,0,0,0,0,0,0
8.63,-50.7277,83.3934,0,0,0,50,0,0,156.5,76.9334,559.452,0,0,0,0,0,0,0
8.64,-4.55951,97.4934,0,0,0,50,0,0,157,76.9661,560.426,0,0,0,0,0,0,0
8.65,42.7142,87.7454,0,0,0,50,0,0,157.5,76.9985,561.401,0,0,0,0,0,0,0
8.66,79.5308,56.5385,0,0,0,50,0,0,158,77.0307,562.375,0,0,0,0,0,0,0
8.67,96.888,11.51,0,0,0,50,0,0,158.5,77.0626,563.35,0,0,0,0,0,0,0
8.68,90.5445,-36.3243,0,0,0,50,0,0,159,77.0943,564.324,0,0,0,0,0,0,0
8.69,62.0568,-75.2642,0,0,0,50,0,0,159.5,77.1258,565.298,0,0,0,0,0,0,0
8.7,18.3972,-95.7878,0,0,0,50,0,0,160,77.157,566.272,0,0,0,0,0,0,0
8.71,-29.7528,-92.8791,0,0,0,50,0,0,160.5,77.188,567.246,0,0,0,0,0,0,0
8.72,-70.6158,-67.2545,0,0,0,50,0,0,161,77.2188,568.22,0,0,0,0,0,0,0
8.73,-94.1988,-25.1861,0,0,0,50,0,0,161.5,77.2494,569.194,0,0,0,0,0,0,0
8.74,-94.7376,23.0335,0,0,0,50,0,0,162,77.2797,570.168,0,0,0,0,0,0,0
8.75,-72.1052,65.6094,0,0,0,50,0,0,162.5,77.3097,571.141,0,0,0,0,0,0,0
8.76,-31.842,92.1295,0,0,0,50,0,0,163,77.3396,572.115,0,0,0,0,0,0,0
8.77,16.2007,96.1109,0,0,0,50,0,0,163.5,77.3692,573.088,0,0,0,0,0,0,0
8.78,60.2709,76.5844,0,0,0,50,0,0,164,77.3985,574.062,0,0,0,0,0,0,0
8.79,89.5907,38.331,0,0,0,50,0,0,164.5,77.4276,575.035,0,0,0,0,0,0,0
8.8,96.9921,-9.28945,0,0,0,50,0,0,165,77.4565,576.008,0,0,0,0,0,0,0
8.81,80.6695,-54.6279,0,0,0,50,0,0,165.5,77.4852,576.981,0,0,0,0,0,0,0
8.82,44.6201,-86.5958,0,0,0,50,0,0,166,77.5136,577.954,0,0,0,0,0,0,0
8.83,-2.33506,-97.3773,0,0,0,50,0,0,166.5,77.5418,578.927,0,0,0,0,0,0,0
8.84,-48.7092,-84.3398,0,0,0,50,0,0,167,77.5698,579.9,0,0,0,0,0,0,0
8.85,-83.1602,-50.6771,0,0,0,50,0,0,167.5,77.5975,580.872,0,0,0,0,0,0,0
8.86,-97.2645,-4.62686,0,0,0,50,0,0,168,77.625,581.845,0,0,0,0,0,0,0
8.87,-87.5768,42.5454,0,0,0,50,0,0,168.5,77.6523,582.817,0,0,0,0,0,0,0
8.88,-56.4714,79.3019,0,0,0,50,0,0,169,77.6793,583.79,0,0,0,0,0,0,0
8.89,-11.5608,96.6549,0,0,0,50,0,0,169.5,77.7061,584.762,0,0,0,0,0,0,0
8.9,36.168,90.3643,0,0,0,50,0,0,170,77.7326,585.734,0,0,0,0,0,0,0
8.91,75.0408,61.9735,0,0,0,50,0,0,170.5,77.759,586.706,0,0,0,0,0,0,0
8.92,95.5517,18.4312,0,0,0,50,0,0,171,77.785,587.678,0,0,0,0,0,0,0
8.93,92.6882,-29.6099,0,0,0,50,0,0,171.5,77.8109,588.65,0,0,0,0,0,0,0
8.94,67.1555,-70.3989,0,0,0,50,0,0,172,77.8365,589.622,0,0,0,0,0,0,0
8.95,25.2031,-93.961,0,0,0,50,0,0,172.5,77.8619,590.594,0,0,0,0,0,0,0
8.96,-22.9046,-94.5371,0,0,0,50,0,0,173,77.8871,591.565,0,0,0,0,0,0,0
8.97,-65.4002,-71.991,0,0,0,50,0,0,173.5,77.912,592.537,0,0,0,0,0,0,0
8.98,-91.8912,-31.842,0,0,0,50,0,0,174,77.9367,593.508,0,0,0,0,0,0,0
8.99,-95.9017,16.0865,0,0,0,50,0,0,174.5,77.9611,594.48,0,0,0,0,0,0,0
9,-76.4556,60.0705,0,0,0,50,0,0,175,77.9854,595.451,0,0,0,0,0,0,0
9.01,-38.314,89.3531,0,0,0,50,0,0,175.5,78.0093,596.422,0,0,0,0,0,0,0
9.02,9.1905,96.7755,0,0,0,50,0,0,176,78.0331,597.393,0,0,0,0,0,0,0
9.03,54.4372,80.5268,0,0,0,50,0,0,176.5,78.0566,598.364,0,0,0,0,0,0,0
9.04,86.3601,44.5861,0,0,0,50,0,0,177,78.0799,599.335,0,0,0,0,0,0,0
9.05,97.1541,-2.25188,0,0,0,50,0,0,177.5,78.103,600.306,0,0,0,0,0,0,0
9.06,84.1839,-48.5293,0,0,0,50,0,0,178,78.1258,601.276,0,0,0,0,0,0,0
9.07,50.6265,-82.9276,0,0,0,50,0,0,178.5,78.1484,602.247,0,0,0,0,0,0,0
9.08,4.69387,-97.0361,0,0,0,50,0,0,179,78.1707,603.217,0,0,0,0,0,0,0
9.09,-42.3771,-87.4085,0,0,0,50,0,0,179.5,78.1929,604.188,0,0,0,0,0,0,0
9.1,-79.0736,-56.4043,0,0,0,50,0,0,180,78.2147,605.158,0,0,0,0,0,0,0
9.11,-96.4224,-11.6113,0,0,0,50,0,0,180.5,78.2364,606.128,0,0,0,0,0,0,0
9.12,-90.1844,36.0123,0,0,0,50,0,0,181,78.2578,607.098,0,0,0,0,0,0,0
9.13,-61.8903,74.8179,0,0,0,50,0,0,181.5,78.279,608.068,0,0,0,0,0,0,0
9.14,-18.465,95.3163,0,0,0,50,0,0,182,78.3,609.038,0,0,0,0,0,0,0
9.15,29.4675,92.4977,0,0,0,50,0,0,182.5,78.3207,610.008,0,0,0,0,0,0,0
9.16,70.1826,67.0566,0,0,0,50,0,0,183,78.3412,610.977,0,0,0,0,0,0,0
9.17,93.7238,25.22,0,0,0,50,0,0,183.5,78.3615,611.947,0,0,0,0,0,0,0
9.18,94.337,-22.7762,0,0,0,50,0,0,184,78.3815,612.917,0,0,0,0,0,0,0
9.19,71.8769,-65.1916,0,0,0,50,0,0,184.5,78.4013,613.886,0,0,0,0,0,0,0
9.2,31.8419,-91.6535,0,0,0,50,0,0,185,78.4209,614.855,0,0,0,0,0,0,0
9.21,-15.9727,-95.693,0,0,0,50,0,0,185.5,78.4402,615.824,0,0,0,0,0,0,0
9.22,-59.8706,-76.327,0,0,0,50,0,0,186,78.4593,616.794,0,0,0,0,0,0,0
9.23,-89.1161,-38.2969,0,0,0,50,0,0,186.5,78.4782,617.763,0,0,0,0,0,0,0
9.24,-96.5592,9.09196,0,0,0,50,0,0,187,78.4968,618.731,0,0,0,0,0,0,0
9.25,-80.3842,54.2471,0,0,0,50,0,0,187.5,78.5152,619.7,0,0,0,0,0,0,0
9.26,-44.5521,86.1249,0,0,0,50,0,0,188,78.5334,620.669,0,0,0,0,0,0,0
9.27,2.16906,96.9315,0,0,0,50,0,0,188.5,78.5513,621.638,0,0,0,0,0,0,0
9.28,48.3499,84.0281,0,0,0,50,0,0,189,78.569,622.606,0,0,0,0,0,0,0
9.29,82.6956,50.5758,0,0,0,50,0,0,189.5,78.5865,623.574,0,0,0,0,0,0,0
9.3,96.8082,4.76055,0,0,0,50,0,0,190,78.6037,624.543,0,0,0,0,0,0,0
9.31,87.2404,-42.2094,0,0,0,50,0,0,190.5,78.6207,625.511,0,0,0,0,0,0,0
9.32,56.3372,-78.8458,0,0,0,50,0,0,191,78.6375,626.479,0,0,0,0,0,0,0
9.33,11.6615,-96.1903,0,0,0,50,0,0,191.5,78.6541,627.447,0,0,0,0,0,0,0
9.34,-35.857,-90.0048,0,0,0,50,0,0,192,78.6704,628.415,0,0,0,0,0,0,0
9.35,-74.5956,-61.8071,0,0,0,50,0,0,192.5,78.6865,629.383,0,0,0,0,0,0,0
9.36,-95.0813,-18.4984,0,0,0,50,0,0,193,78.7023,630.351,0,0,0,0,0,0,0
9.37,-92.3076,29.3255,0,0,0,50,0,0,193.5,78.718,631.318,0,0,0,0,0,0,0
9.38,-66.9577,69.9669,0,0,0,50,0,0,194,78.7333,632.286,0,0,0,0,0,0,0
9.39,-25.2366,93.4871,0,0,0,50,0,0,194.5,78.7485,633.253,0,0,0,0,0,0,0
9.4,22.6482,94.1372,0,0,0,50,0,0,195,78.7634,634.221,0,0,0,0,0,0,0
9.41,64.9836,71.763,0,0,0,50,0,0,195.5,78.7781,635.188,0,0,0,0,0,0,0
9.42,91.4163,31.8415,0,0,0,50,0,0,196,78.7926,636.155,0,0,0,0,0,0,0
9.43,95.4847,-15.8594,0,0,0,50,0,0,196.5,78.8068,637.122,0,0,0,0,0,0,0
9.44,76.1985,-59.6713,0,0,0,50,0,0,197,78.8208,638.089,0,0,0,0,0,0,0
9.45,38.2796,-88.8796,0,0,0,50,0,0,197.5,78.8346,639.056,0,0,0,0,0,0,0
9.46,-8.99381,-96.3434,0,0,0,50,0,0,198,78.8481,640.023,0,0,0,0,0,0,0
9.47,-54.0575,-80.2418,0,0,0,50,0,0,198.5,78.8615,640.989,0,0,0,0,0,0,0
9.48,-85.8903,-44.518,0,0,0,50,0,0,199,78.8745,641.956,0,0,0,0,0,0,0
9.49,-96.7092,2.08662,0,0,0,50,0,0,199.5,78.8874,642.922,0,0,0,0,0,0,0
9.5,-83.8726,48.1711,0,0,0,50,0,0,200,78.9,643.889,0,0,0,0,0,0,0
9.51,-50.525,82.4641,0,0,0,50,0,0,200.5,78.9124,644.855,0,0,0,0,0,0,0
9.52,-4.82688,96.5807,0,0,0,50,0,0,201,78.9245,645.821,0,0,0,0,0,0,0
9.53,42.0422,87.0725,0,0,0,50,0,0,201.5,78.9365,646.787,0,0,0,0,0,0,0
9.54,78.6186,56.27,0,0,0,50,0,0,202,78.9482,647.753,0,0,0,0,0,0,0
9.55,95.9587,11.7114,0,0,0,50,0,0,202.5,78.9596,648.719,0,0,0,0,0,0,0
9.56,89.8255,-35.7023,0,0,0,50,0,0,203,78.9709,649.685,0,0,0,0,0,0,0
9.57,61.7239,-74.3739,0,0,0,50,0,0,203.5,78.9819,650.65,0,0,0,0,0,0,0
9.58,18.5317,-94.8468,0,0,0,50,0,0,204,78.9926,651.616,0,0,0,0,0,0,0
9.59,-29.184,-92.1177,0,0,0,50,0,0,204.5,79.0032,652.581,0,0,0,0,0,0,0
9.6,-69.7517,-66.8589,0,0,0,50,0,0,205,79.0135,653.547,0,0,0,0,0,0,0
9.61,-93.251,-25.253,0,0,0,50,0,0,205.5,79.0236,654.512,0,0,0,0,0,0,0
9.62,-93.9378,22.5207,0,0,0,50,0,0,206,79.0334,655.477,0,0,0,0,0,0,0
9.63,-71.6491,64.7761,0,0,0,50,0,0,206.5,79.043,656.442,0,0,0,0,0,0,0
9.64,-31.841,91.1796,0,0,0,50,0,0,207,79.0524,657.407,0,0,0,0,0,0,0
9.65,15.7465,95.2767,0,0,0,50,0,0,207.5,79.0616,658.372,0,0,0,0,0,0,0
9.66,59.4726,76.0701,0,0,0,50,0,0,208,79.0705,659.337,0,0,0,0,0,0,0
9.67,88.6436,38.2621,0,0,0,50,0,0,208.5,79.0792,660.302,0,0,0,0,0,0,0
9.68,96.128,-8.89607,0,0,0,50,0,0,209,79.0877,661.266,0,0,0,0,0,0,0
9.69,80.0996,-53.8685,0,0,0,50,0,0,209.5,79.0959,662.231,0,0,0,0,0,0,0
9.7,44.4837,-85.6563,0,0,0,50,0,0,210,79.1039,663.195,0,0,0,0,0,0,0
9.71,-2.00454,-96.4875,0,0,0,50,0,0,210.5,79.1117,664.159,0,0,0,0,0,0,0
9.72,-47.9928,-83.7173,0,0,0,50,0,0,211,79.1192,665.123,0,0,0,0,0,0,0
9.73,-82.2332,-50.4741,0,0,0,50,0,0,211.5,79.1266,666.088,0,0,0,0,0,0,0
9.74,-96.3537,-4.89288,0,0,0,50,0,0,212,79.1337,667.052,0,0,0,0,0,0,0
9.75,-86.9049,41.8755,0,0,0,50,0,0,212.5,79.1405,668.015,0,0,0,0,0,0,0
9.76,-56.2028,78.392,0,0,0,50,0,0,213,79.1471,668.979,0,0,0,0,0,0,0
9.77,-11.761,95.7277,0,0,0,50,0,0,213.5,79.1535,669.943,0,0,0,0,0,0,0
9.78,35.548,89.6465,0,0,0,50,0,0,214,79.1597,670.906,0,0,0,0,0,0,0
9.79,74.1527,61.6407,0,0,0,50,0,0,214.5,79.1657,671.87,0,0,0,0,0,0,0
9.8,94.6129,18.5646,0,0,0,50,0,0,215,79.1714,672.833,0,0,0,0,0,0,0
9.81,91.9282,-29.043,0,0,0,50,0,0,215.5,79.1768,673.797,0,0,0,0,0,0,0
9.82,66.7602,-69.5372,0,0,0,50,0,0,216,79.1821,674.76,0,0,0,0,0,0,0
9.83,25.2691,-93.0153,0,0,0,50,0,0,216.5,79.1871,675.723,0,0,0,0,0,0,0
9.84,-22.3936,-93.7388,0,0,0,50,0,0,217,79.1919,676.686,0,0,0,0,0,0,0
9.85,-64.5692,-71.5353,0,0,0,50,0,0,217.5,79.1965,677.649,0,0,0,0,0,0,0
9.86,-90.9435,-31.8402,0,0,0,50,0,0,218,79.2008,678.611,0,0,0,0,0,0,0
9.87,-95.0692,15.634,0,0,0,50,0,0,218.5,79.2049,679.574,0,0,0,0,0,0,0
9.88,-75.9418,59.2744,0,0,0,50,0,0,219,79.2088,680.537,0,0,0,0,0,0,0
9.89,-38.2445,88.4083,0,0,0,50,0,0,219.5,79.2124,681.499,0,0,0,0,0,0,0
9.9,8.79872,95.913,0,0,0,50,0,0,220,79.2159,682.462,0,0,0,0,0,0,0
9.91,53.6801,79.9576,0,0,0,50,0,0,220.5,79.2191,683.424,0,0,0,0,0,0,0
9.92,85.4229,44.4494,0,0,0,50,0,0,221,79.222,684.386,0,0,0,0,0,0,0
9.93,96.2661,-1.92283,0,0,0,50,0,0,221.5,79.2247,685.348,0,0,0,0,0,0,0
9.94,83.5622,-47.815,0,0,0,50,0,0,222,79.2273,686.31,0,0,0,0,0,0,0
9.95,50.4232,-82.0029,0,0,0,50,0,0,222.5,79.2295,687.272,0,0,0,0,0,0,0
9.96,4.95855,-96.1272,0,0,0,50,0,0,223,79.2316,688.234,0,0,0,0,0,0,0
9.97,-41.7093,-86.7376,0,0,0,50,0,0,223.5,79.2334,689.195,0,0,0,0,0,0,0
9.98,-78.166,-56.1356,0,0,0,50,0,0,224,79.235,690.157,0,0,0,0,0,0,0
9.99,-95.4971,-11.8103,0,0,0,50,0,0,224.5,79.2363,691.118,0,0,0,0,0,0,0
